date_key,date,year,quarter,month,month_name,week_of_year,day_of_year,day_of_month,day_of_week,day_name,is_weekend,is_business_day,is_holiday,season,logistics_day_type
20230101,2023-01-01,2023,Q1,1,January,52,1,1,7,Sunday,True,False,True,Summer,Holiday
20230102,2023-01-02,2023,Q1,1,January,1,2,2,1,Monday,False,True,False,Summer,Monday
20230103,2023-01-03,2023,Q1,1,January,1,3,3,2,Tuesday,False,True,False,Summer,Weekday
20230104,2023-01-04,2023,Q1,1,January,1,4,4,3,Wednesday,False,True,False,Summer,Weekday
20230105,2023-01-05,2023,Q1,1,January,1,5,5,4,Thursday,False,True,False,Summer,Weekday
20230106,2023-01-06,2023,Q1,1,January,1,6,6,5,Friday,False,True,False,Summer,Friday
20230107,2023-01-07,2023,Q1,1,January,1,7,7,6,Saturday,True,False,False,Summer,Weekend
20230108,2023-01-08,2023,Q1,1,January,1,8,8,7,Sunday,True,False,False,Summer,Weekend
20230109,2023-01-09,2023,Q1,1,January,2,9,9,1,Monday,False,True,False,Summer,Monday
20230110,2023-01-10,2023,Q1,1,January,2,10,10,2,Tuesday,False,True,False,Summer,Weekday
20230111,2023-01-11,2023,Q1,1,January,2,11,11,3,Wednesday,False,True,False,Summer,Weekday
20230112,2023-01-12,2023,Q1,1,January,2,12,12,4,Thursday,False,True,False,Summer,Weekday
20230113,2023-01-13,2023,Q1,1,January,2,13,13,5,Friday,False,True,False,Summer,Friday
20230114,2023-01-14,2023,Q1,1,January,2,14,14,6,Saturday,True,False,False,Summer,Weekend
20230115,2023-01-15,2023,Q1,1,January,2,15,15,7,Sunday,True,False,False,Summer,Weekend
20230116,2023-01-16,2023,Q1,1,January,3,16,16,1,Monday,False,True,False,Summer,Monday
20230117,2023-01-17,2023,Q1,1,January,3,17,17,2,Tuesday,False,True,False,Summer,Weekday
20230118,2023-01-18,2023,Q1,1,January,3,18,18,3,Wednesday,False,True,False,Summer,Weekday
20230119,2023-01-19,2023,Q1,1,January,3,19,19,4,Thursday,False,True,False,Summer,Weekday
20230120,2023-01-20,2023,Q1,1,January,3,20,20,5,Friday,False,True,False,Summer,Friday
20230121,2023-01-21,2023,Q1,1,January,3,21,21,6,Saturday,True,False,False,Summer,Weekend
20230122,2023-01-22,2023,Q1,1,January,3,22,22,7,Sunday,True,False,False,Summer,Weekend
20230123,2023-01-23,2023,Q1,1,January,4,23,23,1,Monday,False,True,False,Summer,Monday
20230124,2023-01-24,2023,Q1,1,January,4,24,24,2,Tuesday,False,True,False,Summer,Weekday
20230125,2023-01-25,2023,Q1,1,January,4,25,25,3,Wednesday,False,True,False,Summer,Weekday
20230126,2023-01-26,2023,Q1,1,January,4,26,26,4,Thursday,False,True,True,Summer,Holiday
20230127,2023-01-27,2023,Q1,1,January,4,27,27,5,Friday,False,True,False,Summer,Friday
20230128,2023-01-28,2023,Q1,1,January,4,28,28,6,Saturday,True,False,False,Summer,Weekend
20230129,2023-01-29,2023,Q1,1,January,4,29,29,7,Sunday,True,False,False,Summer,Weekend
20230130,2023-01-30,2023,Q1,1,January,5,30,30,1,Monday,False,True,False,Summer,Monday
20230131,2023-01-31,2023,Q1,1,January,5,31,31,2,Tuesday,False,True,False,Summer,Weekday
20230201,2023-02-01,2023,Q1,2,February,5,32,1,3,Wednesday,False,True,False,Summer,Weekday
20230202,2023-02-02,2023,Q1,2,February,5,33,2,4,Thursday,False,True,False,Summer,Weekday
20230203,2023-02-03,2023,Q1,2,February,5,34,3,5,Friday,False,True,False,Summer,Friday
20230204,2023-02-04,2023,Q1,2,February,5,35,4,6,Saturday,True,False,False,Summer,Weekend
20230205,2023-02-05,2023,Q1,2,February,5,36,5,7,Sunday,True,False,False,Summer,Weekend
20230206,2023-02-06,2023,Q1,2,February,6,37,6,1,Monday,False,True,False,Summer,Monday
20230207,2023-02-07,2023,Q1,2,February,6,38,7,2,Tuesday,False,True,False,Summer,Weekday
20230208,2023-02-08,2023,Q1,2,February,6,39,8,3,Wednesday,False,True,False,Summer,Weekday
20230209,2023-02-09,2023,Q1,2,February,6,40,9,4,Thursday,False,True,False,Summer,Weekday
20230210,2023-02-10,2023,Q1,2,February,6,41,10,5,Friday,False,True,False,Summer,Friday
20230211,2023-02-11,2023,Q1,2,February,6,42,11,6,Saturday,True,False,False,Summer,Weekend
20230212,2023-02-12,2023,Q1,2,February,6,43,12,7,Sunday,True,False,False,Summer,Weekend
20230213,2023-02-13,2023,Q1,2,February,7,44,13,1,Monday,False,True,False,Summer,Monday
20230214,2023-02-14,2023,Q1,2,February,7,45,14,2,Tuesday,False,True,False,Summer,Weekday
20230215,2023-02-15,2023,Q1,2,February,7,46,15,3,Wednesday,False,True,False,Summer,Weekday
20230216,2023-02-16,2023,Q1,2,February,7,47,16,4,Thursday,False,True,False,Summer,Weekday
20230217,2023-02-17,2023,Q1,2,February,7,48,17,5,Friday,False,True,False,Summer,Friday
20230218,2023-02-18,2023,Q1,2,February,7,49,18,6,Saturday,True,False,False,Summer,Weekend
20230219,2023-02-19,2023,Q1,2,February,7,50,19,7,Sunday,True,False,False,Summer,Weekend
20230220,2023-02-20,2023,Q1,2,February,8,51,20,1,Monday,False,True,False,Summer,Monday
20230221,2023-02-21,2023,Q1,2,February,8,52,21,2,Tuesday,False,True,False,Summer,Weekday
20230222,2023-02-22,2023,Q1,2,February,8,53,22,3,Wednesday,False,True,False,Summer,Weekday
20230223,2023-02-23,2023,Q1,2,February,8,54,23,4,Thursday,False,True,False,Summer,Weekday
20230224,2023-02-24,2023,Q1,2,February,8,55,24,5,Friday,False,True,False,Summer,Friday
20230225,2023-02-25,2023,Q1,2,February,8,56,25,6,Saturday,True,False,False,Summer,Weekend
20230226,2023-02-26,2023,Q1,2,February,8,57,26,7,Sunday,True,False,False,Summer,Weekend
20230227,2023-02-27,2023,Q1,2,February,9,58,27,1,Monday,False,True,False,Summer,Monday
20230228,2023-02-28,2023,Q1,2,February,9,59,28,2,Tuesday,False,True,False,Summer,Weekday
20230301,2023-03-01,2023,Q1,3,March,9,60,1,3,Wednesday,False,True,False,Autumn,Weekday
20230302,2023-03-02,2023,Q1,3,March,9,61,2,4,Thursday,False,True,False,Autumn,Weekday
20230303,2023-03-03,2023,Q1,3,March,9,62,3,5,Friday,False,True,False,Autumn,Friday
20230304,2023-03-04,2023,Q1,3,March,9,63,4,6,Saturday,True,False,False,Autumn,Weekend
20230305,2023-03-05,2023,Q1,3,March,9,64,5,7,Sunday,True,False,False,Autumn,Weekend
20230306,2023-03-06,2023,Q1,3,March,10,65,6,1,Monday,False,True,False,Autumn,Monday
20230307,2023-03-07,2023,Q1,3,March,10,66,7,2,Tuesday,False,True,False,Autumn,Weekday
20230308,2023-03-08,2023,Q1,3,March,10,67,8,3,Wednesday,False,True,False,Autumn,Weekday
20230309,2023-03-09,2023,Q1,3,March,10,68,9,4,Thursday,False,True,False,Autumn,Weekday
20230310,2023-03-10,2023,Q1,3,March,10,69,10,5,Friday,False,True,False,Autumn,Friday
20230311,2023-03-11,2023,Q1,3,March,10,70,11,6,Saturday,True,False,False,Autumn,Weekend
20230312,2023-03-12,2023,Q1,3,March,10,71,12,7,Sunday,True,False,False,Autumn,Weekend
20230313,2023-03-13,2023,Q1,3,March,11,72,13,1,Monday,False,True,False,Autumn,Monday
20230314,2023-03-14,2023,Q1,3,March,11,73,14,2,Tuesday,False,True,False,Autumn,Weekday
20230315,2023-03-15,2023,Q1,3,March,11,74,15,3,Wednesday,False,True,False,Autumn,Weekday
20230316,2023-03-16,2023,Q1,3,March,11,75,16,4,Thursday,False,True,False,Autumn,Weekday
20230317,2023-03-17,2023,Q1,3,March,11,76,17,5,Friday,False,True,False,Autumn,Friday
20230318,2023-03-18,2023,Q1,3,March,11,77,18,6,Saturday,True,False,False,Autumn,Weekend
20230319,2023-03-19,2023,Q1,3,March,11,78,19,7,Sunday,True,False,False,Autumn,Weekend
20230320,2023-03-20,2023,Q1,3,March,12,79,20,1,Monday,False,True,False,Autumn,Monday
20230321,2023-03-21,2023,Q1,3,March,12,80,21,2,Tuesday,False,True,False,Autumn,Weekday
20230322,2023-03-22,2023,Q1,3,March,12,81,22,3,Wednesday,False,True,False,Autumn,Weekday
20230323,2023-03-23,2023,Q1,3,March,12,82,23,4,Thursday,False,True,False,Autumn,Weekday
20230324,2023-03-24,2023,Q1,3,March,12,83,24,5,Friday,False,True,False,Autumn,Friday
20230325,2023-03-25,2023,Q1,3,March,12,84,25,6,Saturday,True,False,False,Autumn,Weekend
20230326,2023-03-26,2023,Q1,3,March,12,85,26,7,Sunday,True,False,False,Autumn,Weekend
20230327,2023-03-27,2023,Q1,3,March,13,86,27,1,Monday,False,True,False,Autumn,Monday
20230328,2023-03-28,2023,Q1,3,March,13,87,28,2,Tuesday,False,True,False,Autumn,Weekday
20230329,2023-03-29,2023,Q1,3,March,13,88,29,3,Wednesday,False,True,False,Autumn,Weekday
20230330,2023-03-30,2023,Q1,3,March,13,89,30,4,Thursday,False,True,False,Autumn,Weekday
20230331,2023-03-31,2023,Q1,3,March,13,90,31,5,Friday,False,True,False,Autumn,Friday
20230401,2023-04-01,2023,Q2,4,April,13,91,1,6,Saturday,True,False,False,Autumn,Weekend
20230402,2023-04-02,2023,Q2,4,April,13,92,2,7,Sunday,True,False,False,Autumn,Weekend
20230403,2023-04-03,2023,Q2,4,April,14,93,3,1,Monday,False,True,False,Autumn,Monday
20230404,2023-04-04,2023,Q2,4,April,14,94,4,2,Tuesday,False,True,False,Autumn,Weekday
20230405,2023-04-05,2023,Q2,4,April,14,95,5,3,Wednesday,False,True,False,Autumn,Weekday
20230406,2023-04-06,2023,Q2,4,April,14,96,6,4,Thursday,False,True,False,Autumn,Weekday
20230407,2023-04-07,2023,Q2,4,April,14,97,7,5,Friday,False,True,False,Autumn,Friday
20230408,2023-04-08,2023,Q2,4,April,14,98,8,6,Saturday,True,False,False,Autumn,Weekend
20230409,2023-04-09,2023,Q2,4,April,14,99,9,7,Sunday,True,False,False,Autumn,Weekend
20230410,2023-04-10,2023,Q2,4,April,15,100,10,1,Monday,False,True,False,Autumn,Monday
20230411,2023-04-11,2023,Q2,4,April,15,101,11,2,Tuesday,False,True,False,Autumn,Weekday
20230412,2023-04-12,2023,Q2,4,April,15,102,12,3,Wednesday,False,True,False,Autumn,Weekday
20230413,2023-04-13,2023,Q2,4,April,15,103,13,4,Thursday,False,True,False,Autumn,Weekday
20230414,2023-04-14,2023,Q2,4,April,15,104,14,5,Friday,False,True,False,Autumn,Friday
20230415,2023-04-15,2023,Q2,4,April,15,105,15,6,Saturday,True,False,False,Autumn,Weekend
20230416,2023-04-16,2023,Q2,4,April,15,106,16,7,Sunday,True,False,False,Autumn,Weekend
20230417,2023-04-17,2023,Q2,4,April,16,107,17,1,Monday,False,True,False,Autumn,Monday
20230418,2023-04-18,2023,Q2,4,April,16,108,18,2,Tuesday,False,True,False,Autumn,Weekday
20230419,2023-04-19,2023,Q2,4,April,16,109,19,3,Wednesday,False,True,False,Autumn,Weekday
20230420,2023-04-20,2023,Q2,4,April,16,110,20,4,Thursday,False,True,False,Autumn,Weekday
20230421,2023-04-21,2023,Q2,4,April,16,111,21,5,Friday,False,True,False,Autumn,Friday
20230422,2023-04-22,2023,Q2,4,April,16,112,22,6,Saturday,True,False,False,Autumn,Weekend
20230423,2023-04-23,2023,Q2,4,April,16,113,23,7,Sunday,True,False,False,Autumn,Weekend
20230424,2023-04-24,2023,Q2,4,April,17,114,24,1,Monday,False,True,False,Autumn,Monday
20230425,2023-04-25,2023,Q2,4,April,17,115,25,2,Tuesday,False,True,True,Autumn,Holiday
20230426,2023-04-26,2023,Q2,4,April,17,116,26,3,Wednesday,False,True,False,Autumn,Weekday
20230427,2023-04-27,2023,Q2,4,April,17,117,27,4,Thursday,False,True,False,Autumn,Weekday
20230428,2023-04-28,2023,Q2,4,April,17,118,28,5,Friday,False,True,False,Autumn,Friday
20230429,2023-04-29,2023,Q2,4,April,17,119,29,6,Saturday,True,False,False,Autumn,Weekend
20230430,2023-04-30,2023,Q2,4,April,17,120,30,7,Sunday,True,False,False,Autumn,Weekend
20230501,2023-05-01,2023,Q2,5,May,18,121,1,1,Monday,False,True,False,Autumn,Monday
20230502,2023-05-02,2023,Q2,5,May,18,122,2,2,Tuesday,False,True,False,Autumn,Weekday
20230503,2023-05-03,2023,Q2,5,May,18,123,3,3,Wednesday,False,True,False,Autumn,Weekday
20230504,2023-05-04,2023,Q2,5,May,18,124,4,4,Thursday,False,True,False,Autumn,Weekday
20230505,2023-05-05,2023,Q2,5,May,18,125,5,5,Friday,False,True,False,Autumn,Friday
20230506,2023-05-06,2023,Q2,5,May,18,126,6,6,Saturday,True,False,False,Autumn,Weekend
20230507,2023-05-07,2023,Q2,5,May,18,127,7,7,Sunday,True,False,False,Autumn,Weekend
20230508,2023-05-08,2023,Q2,5,May,19,128,8,1,Monday,False,True,False,Autumn,Monday
20230509,2023-05-09,2023,Q2,5,May,19,129,9,2,Tuesday,False,True,False,Autumn,Weekday
20230510,2023-05-10,2023,Q2,5,May,19,130,10,3,Wednesday,False,True,False,Autumn,Weekday
20230511,2023-05-11,2023,Q2,5,May,19,131,11,4,Thursday,False,True,False,Autumn,Weekday
20230512,2023-05-12,2023,Q2,5,May,19,132,12,5,Friday,False,True,False,Autumn,Friday
20230513,2023-05-13,2023,Q2,5,May,19,133,13,6,Saturday,True,False,False,Autumn,Weekend
20230514,2023-05-14,2023,Q2,5,May,19,134,14,7,Sunday,True,False,False,Autumn,Weekend
20230515,2023-05-15,2023,Q2,5,May,20,135,15,1,Monday,False,True,False,Autumn,Monday
20230516,2023-05-16,2023,Q2,5,May,20,136,16,2,Tuesday,False,True,False,Autumn,Weekday
20230517,2023-05-17,2023,Q2,5,May,20,137,17,3,Wednesday,False,True,False,Autumn,Weekday
20230518,2023-05-18,2023,Q2,5,May,20,138,18,4,Thursday,False,True,False,Autumn,Weekday
20230519,2023-05-19,2023,Q2,5,May,20,139,19,5,Friday,False,True,False,Autumn,Friday
20230520,2023-05-20,2023,Q2,5,May,20,140,20,6,Saturday,True,False,False,Autumn,Weekend
20230521,2023-05-21,2023,Q2,5,May,20,141,21,7,Sunday,True,False,False,Autumn,Weekend
20230522,2023-05-22,2023,Q2,5,May,21,142,22,1,Monday,False,True,False,Autumn,Monday
20230523,2023-05-23,2023,Q2,5,May,21,143,23,2,Tuesday,False,True,False,Autumn,Weekday
20230524,2023-05-24,2023,Q2,5,May,21,144,24,3,Wednesday,False,True,False,Autumn,Weekday
20230525,2023-05-25,2023,Q2,5,May,21,145,25,4,Thursday,False,True,False,Autumn,Weekday
20230526,2023-05-26,2023,Q2,5,May,21,146,26,5,Friday,False,True,False,Autumn,Friday
20230527,2023-05-27,2023,Q2,5,May,21,147,27,6,Saturday,True,False,False,Autumn,Weekend
20230528,2023-05-28,2023,Q2,5,May,21,148,28,7,Sunday,True,False,False,Autumn,Weekend
20230529,2023-05-29,2023,Q2,5,May,22,149,29,1,Monday,False,True,False,Autumn,Monday
20230530,2023-05-30,2023,Q2,5,May,22,150,30,2,Tuesday,False,True,False,Autumn,Weekday
20230531,2023-05-31,2023,Q2,5,May,22,151,31,3,Wednesday,False,True,False,Autumn,Weekday
20230601,2023-06-01,2023,Q2,6,June,22,152,1,4,Thursday,False,True,False,Winter,Weekday
20230602,2023-06-02,2023,Q2,6,June,22,153,2,5,Friday,False,True,False,Winter,Friday
20230603,2023-06-03,2023,Q2,6,June,22,154,3,6,Saturday,True,False,False,Winter,Weekend
20230604,2023-06-04,2023,Q2,6,June,22,155,4,7,Sunday,True,False,False,Winter,Weekend
20230605,2023-06-05,2023,Q2,6,June,23,156,5,1,Monday,False,True,False,Winter,Monday
20230606,2023-06-06,2023,Q2,6,June,23,157,6,2,Tuesday,False,True,False,Winter,Weekday
20230607,2023-06-07,2023,Q2,6,June,23,158,7,3,Wednesday,False,True,False,Winter,Weekday
20230608,2023-06-08,2023,Q2,6,June,23,159,8,4,Thursday,False,True,False,Winter,Weekday
20230609,2023-06-09,2023,Q2,6,June,23,160,9,5,Friday,False,True,False,Winter,Friday
20230610,2023-06-10,2023,Q2,6,June,23,161,10,6,Saturday,True,False,False,Winter,Weekend
20230611,2023-06-11,2023,Q2,6,June,23,162,11,7,Sunday,True,False,False,Winter,Weekend
20230612,2023-06-12,2023,Q2,6,June,24,163,12,1,Monday,False,True,False,Winter,Monday
20230613,2023-06-13,2023,Q2,6,June,24,164,13,2,Tuesday,False,True,False,Winter,Weekday
20230614,2023-06-14,2023,Q2,6,June,24,165,14,3,Wednesday,False,True,False,Winter,Weekday
20230615,2023-06-15,2023,Q2,6,June,24,166,15,4,Thursday,False,True,False,Winter,Weekday
20230616,2023-06-16,2023,Q2,6,June,24,167,16,5,Friday,False,True,False,Winter,Friday
20230617,2023-06-17,2023,Q2,6,June,24,168,17,6,Saturday,True,False,False,Winter,Weekend
20230618,2023-06-18,2023,Q2,6,June,24,169,18,7,Sunday,True,False,False,Winter,Weekend
20230619,2023-06-19,2023,Q2,6,June,25,170,19,1,Monday,False,True,False,Winter,Monday
20230620,2023-06-20,2023,Q2,6,June,25,171,20,2,Tuesday,False,True,False,Winter,Weekday
20230621,2023-06-21,2023,Q2,6,June,25,172,21,3,Wednesday,False,True,False,Winter,Weekday
20230622,2023-06-22,2023,Q2,6,June,25,173,22,4,Thursday,False,True,False,Winter,Weekday
20230623,2023-06-23,2023,Q2,6,June,25,174,23,5,Friday,False,True,False,Winter,Friday
20230624,2023-06-24,2023,Q2,6,June,25,175,24,6,Saturday,True,False,False,Winter,Weekend
20230625,2023-06-25,2023,Q2,6,June,25,176,25,7,Sunday,True,False,False,Winter,Weekend
20230626,2023-06-26,2023,Q2,6,June,26,177,26,1,Monday,False,True,False,Winter,Monday
20230627,2023-06-27,2023,Q2,6,June,26,178,27,2,Tuesday,False,True,False,Winter,Weekday
20230628,2023-06-28,2023,Q2,6,June,26,179,28,3,Wednesday,False,True,False,Winter,Weekday
20230629,2023-06-29,2023,Q2,6,June,26,180,29,4,Thursday,False,True,False,Winter,Weekday
20230630,2023-06-30,2023,Q2,6,June,26,181,30,5,Friday,False,True,False,Winter,Friday
20230701,2023-07-01,2023,Q3,7,July,26,182,1,6,Saturday,True,False,False,Winter,Weekend
20230702,2023-07-02,2023,Q3,7,July,26,183,2,7,Sunday,True,False,False,Winter,Weekend
20230703,2023-07-03,2023,Q3,7,July,27,184,3,1,Monday,False,True,False,Winter,Monday
20230704,2023-07-04,2023,Q3,7,July,27,185,4,2,Tuesday,False,True,False,Winter,Weekday
20230705,2023-07-05,2023,Q3,7,July,27,186,5,3,Wednesday,False,True,False,Winter,Weekday
20230706,2023-07-06,2023,Q3,7,July,27,187,6,4,Thursday,False,True,False,Winter,Weekday
20230707,2023-07-07,2023,Q3,7,July,27,188,7,5,Friday,False,True,False,Winter,Friday
20230708,2023-07-08,2023,Q3,7,July,27,189,8,6,Saturday,True,False,False,Winter,Weekend
20230709,2023-07-09,2023,Q3,7,July,27,190,9,7,Sunday,True,False,False,Winter,Weekend
20230710,2023-07-10,2023,Q3,7,July,28,191,10,1,Monday,False,True,False,Winter,Monday
20230711,2023-07-11,2023,Q3,7,July,28,192,11,2,Tuesday,False,True,False,Winter,Weekday
20230712,2023-07-12,2023,Q3,7,July,28,193,12,3,Wednesday,False,True,False,Winter,Weekday
20230713,2023-07-13,2023,Q3,7,July,28,194,13,4,Thursday,False,True,False,Winter,Weekday
20230714,2023-07-14,2023,Q3,7,July,28,195,14,5,Friday,False,True,False,Winter,Friday
20230715,2023-07-15,2023,Q3,7,July,28,196,15,6,Saturday,True,False,False,Winter,Weekend
20230716,2023-07-16,2023,Q3,7,July,28,197,16,7,Sunday,True,False,False,Winter,Weekend
20230717,2023-07-17,2023,Q3,7,July,29,198,17,1,Monday,False,True,False,Winter,Monday
20230718,2023-07-18,2023,Q3,7,July,29,199,18,2,Tuesday,False,True,False,Winter,Weekday
20230719,2023-07-19,2023,Q3,7,July,29,200,19,3,Wednesday,False,True,False,Winter,Weekday
20230720,2023-07-20,2023,Q3,7,July,29,201,20,4,Thursday,False,True,False,Winter,Weekday
20230721,2023-07-21,2023,Q3,7,July,29,202,21,5,Friday,False,True,False,Winter,Friday
20230722,2023-07-22,2023,Q3,7,July,29,203,22,6,Saturday,True,False,False,Winter,Weekend
20230723,2023-07-23,2023,Q3,7,July,29,204,23,7,Sunday,True,False,False,Winter,Weekend
20230724,2023-07-24,2023,Q3,7,July,30,205,24,1,Monday,False,True,False,Winter,Monday
20230725,2023-07-25,2023,Q3,7,July,30,206,25,2,Tuesday,False,True,False,Winter,Weekday
20230726,2023-07-26,2023,Q3,7,July,30,207,26,3,Wednesday,False,True,False,Winter,Weekday
20230727,2023-07-27,2023,Q3,7,July,30,208,27,4,Thursday,False,True,False,Winter,Weekday
20230728,2023-07-28,2023,Q3,7,July,30,209,28,5,Friday,False,True,False,Winter,Friday
20230729,2023-07-29,2023,Q3,7,July,30,210,29,6,Saturday,True,False,False,Winter,Weekend
20230730,2023-07-30,2023,Q3,7,July,30,211,30,7,Sunday,True,False,False,Winter,Weekend
20230731,2023-07-31,2023,Q3,7,July,31,212,31,1,Monday,False,True,False,Winter,Monday
20230801,2023-08-01,2023,Q3,8,August,31,213,1,2,Tuesday,False,True,False,Winter,Weekday
20230802,2023-08-02,2023,Q3,8,August,31,214,2,3,Wednesday,False,True,False,Winter,Weekday
20230803,2023-08-03,2023,Q3,8,August,31,215,3,4,Thursday,False,True,False,Winter,Weekday
20230804,2023-08-04,2023,Q3,8,August,31,216,4,5,Friday,False,True,False,Winter,Friday
20230805,2023-08-05,2023,Q3,8,August,31,217,5,6,Saturday,True,False,False,Winter,Weekend
20230806,2023-08-06,2023,Q3,8,August,31,218,6,7,Sunday,True,False,False,Winter,Weekend
20230807,2023-08-07,2023,Q3,8,August,32,219,7,1,Monday,False,True,False,Winter,Monday
20230808,2023-08-08,2023,Q3,8,August,32,220,8,2,Tuesday,False,True,False,Winter,Weekday
20230809,2023-08-09,2023,Q3,8,August,32,221,9,3,Wednesday,False,True,False,Winter,Weekday
20230810,2023-08-10,2023,Q3,8,August,32,222,10,4,Thursday,False,True,False,Winter,Weekday
20230811,2023-08-11,2023,Q3,8,August,32,223,11,5,Friday,False,True,False,Winter,Friday
20230812,2023-08-12,2023,Q3,8,August,32,224,12,6,Saturday,True,False,False,Winter,Weekend
20230813,2023-08-13,2023,Q3,8,August,32,225,13,7,Sunday,True,False,False,Winter,Weekend
20230814,2023-08-14,2023,Q3,8,August,33,226,14,1,Monday,False,True,False,Winter,Monday
20230815,2023-08-15,2023,Q3,8,August,33,227,15,2,Tuesday,False,True,False,Winter,Weekday
20230816,2023-08-16,2023,Q3,8,August,33,228,16,3,Wednesday,False,True,False,Winter,Weekday
20230817,2023-08-17,2023,Q3,8,August,33,229,17,4,Thursday,False,True,False,Winter,Weekday
20230818,2023-08-18,2023,Q3,8,August,33,230,18,5,Friday,False,True,False,Winter,Friday
20230819,2023-08-19,2023,Q3,8,August,33,231,19,6,Saturday,True,False,False,Winter,Weekend
20230820,2023-08-20,2023,Q3,8,August,33,232,20,7,Sunday,True,False,False,Winter,Weekend
20230821,2023-08-21,2023,Q3,8,August,34,233,21,1,Monday,False,True,False,Winter,Monday
20230822,2023-08-22,2023,Q3,8,August,34,234,22,2,Tuesday,False,True,False,Winter,Weekday
20230823,2023-08-23,2023,Q3,8,August,34,235,23,3,Wednesday,False,True,False,Winter,Weekday
20230824,2023-08-24,2023,Q3,8,August,34,236,24,4,Thursday,False,True,False,Winter,Weekday
20230825,2023-08-25,2023,Q3,8,August,34,237,25,5,Friday,False,True,False,Winter,Friday
20230826,2023-08-26,2023,Q3,8,August,34,238,26,6,Saturday,True,False,False,Winter,Weekend
20230827,2023-08-27,2023,Q3,8,August,34,239,27,7,Sunday,True,False,False,Winter,Weekend
20230828,2023-08-28,2023,Q3,8,August,35,240,28,1,Monday,False,True,False,Winter,Monday
20230829,2023-08-29,2023,Q3,8,August,35,241,29,2,Tuesday,False,True,False,Winter,Weekday
20230830,2023-08-30,2023,Q3,8,August,35,242,30,3,Wednesday,False,True,False,Winter,Weekday
20230831,2023-08-31,2023,Q3,8,August,35,243,31,4,Thursday,False,True,False,Winter,Weekday
20230901,2023-09-01,2023,Q3,9,September,35,244,1,5,Friday,False,True,False,Spring,Friday
20230902,2023-09-02,2023,Q3,9,September,35,245,2,6,Saturday,True,False,False,Spring,Weekend
20230903,2023-09-03,2023,Q3,9,September,35,246,3,7,Sunday,True,False,False,Spring,Weekend
20230904,2023-09-04,2023,Q3,9,September,36,247,4,1,Monday,False,True,False,Spring,Monday
20230905,2023-09-05,2023,Q3,9,September,36,248,5,2,Tuesday,False,True,False,Spring,Weekday
20230906,2023-09-06,2023,Q3,9,September,36,249,6,3,Wednesday,False,True,False,Spring,Weekday
20230907,2023-09-07,2023,Q3,9,September,36,250,7,4,Thursday,False,True,False,Spring,Weekday
20230908,2023-09-08,2023,Q3,9,September,36,251,8,5,Friday,False,True,False,Spring,Friday
20230909,2023-09-09,2023,Q3,9,September,36,252,9,6,Saturday,True,False,False,Spring,Weekend
20230910,2023-09-10,2023,Q3,9,September,36,253,10,7,Sunday,True,False,False,Spring,Weekend
20230911,2023-09-11,2023,Q3,9,September,37,254,11,1,Monday,False,True,False,Spring,Monday
20230912,2023-09-12,2023,Q3,9,September,37,255,12,2,Tuesday,False,True,False,Spring,Weekday
20230913,2023-09-13,2023,Q3,9,September,37,256,13,3,Wednesday,False,True,False,Spring,Weekday
20230914,2023-09-14,2023,Q3,9,September,37,257,14,4,Thursday,False,True,False,Spring,Weekday
20230915,2023-09-15,2023,Q3,9,September,37,258,15,5,Friday,False,True,False,Spring,Friday
20230916,2023-09-16,2023,Q3,9,September,37,259,16,6,Saturday,True,False,False,Spring,Weekend
20230917,2023-09-17,2023,Q3,9,September,37,260,17,7,Sunday,True,False,False,Spring,Weekend
20230918,2023-09-18,2023,Q3,9,September,38,261,18,1,Monday,False,True,False,Spring,Monday
20230919,2023-09-19,2023,Q3,9,September,38,262,19,2,Tuesday,False,True,False,Spring,Weekday
20230920,2023-09-20,2023,Q3,9,September,38,263,20,3,Wednesday,False,True,False,Spring,Weekday
20230921,2023-09-21,2023,Q3,9,September,38,264,21,4,Thursday,False,True,False,Spring,Weekday
20230922,2023-09-22,2023,Q3,9,September,38,265,22,5,Friday,False,True,False,Spring,Friday
20230923,2023-09-23,2023,Q3,9,September,38,266,23,6,Saturday,True,False,False,Spring,Weekend
20230924,2023-09-24,2023,Q3,9,September,38,267,24,7,Sunday,True,False,False,Spring,Weekend
20230925,2023-09-25,2023,Q3,9,September,39,268,25,1,Monday,False,True,False,Spring,Monday
20230926,2023-09-26,2023,Q3,9,September,39,269,26,2,Tuesday,False,True,False,Spring,Weekday
20230927,2023-09-27,2023,Q3,9,September,39,270,27,3,Wednesday,False,True,False,Spring,Weekday
20230928,2023-09-28,2023,Q3,9,September,39,271,28,4,Thursday,False,True,False,Spring,Weekday
20230929,2023-09-29,2023,Q3,9,September,39,272,29,5,Friday,False,True,False,Spring,Friday
20230930,2023-09-30,2023,Q3,9,September,39,273,30,6,Saturday,True,False,False,Spring,Weekend
20231001,2023-10-01,2023,Q4,10,October,39,274,1,7,Sunday,True,False,False,Spring,Weekend
20231002,2023-10-02,2023,Q4,10,October,40,275,2,1,Monday,False,True,False,Spring,Monday
20231003,2023-10-03,2023,Q4,10,October,40,276,3,2,Tuesday,False,True,False,Spring,Weekday
20231004,2023-10-04,2023,Q4,10,October,40,277,4,3,Wednesday,False,True,False,Spring,Weekday
20231005,2023-10-05,2023,Q4,10,October,40,278,5,4,Thursday,False,True,False,Spring,Weekday
20231006,2023-10-06,2023,Q4,10,October,40,279,6,5,Friday,False,True,False,Spring,Friday
20231007,2023-10-07,2023,Q4,10,October,40,280,7,6,Saturday,True,False,False,Spring,Weekend
20231008,2023-10-08,2023,Q4,10,October,40,281,8,7,Sunday,True,False,False,Spring,Weekend
20231009,2023-10-09,2023,Q4,10,October,41,282,9,1,Monday,False,True,False,Spring,Monday
20231010,2023-10-10,2023,Q4,10,October,41,283,10,2,Tuesday,False,True,False,Spring,Weekday
20231011,2023-10-11,2023,Q4,10,October,41,284,11,3,Wednesday,False,True,False,Spring,Weekday
20231012,2023-10-12,2023,Q4,10,October,41,285,12,4,Thursday,False,True,False,Spring,Weekday
20231013,2023-10-13,2023,Q4,10,October,41,286,13,5,Friday,False,True,False,Spring,Friday
20231014,2023-10-14,2023,Q4,10,October,41,287,14,6,Saturday,True,False,False,Spring,Weekend
20231015,2023-10-15,2023,Q4,10,October,41,288,15,7,Sunday,True,False,False,Spring,Weekend
20231016,2023-10-16,2023,Q4,10,October,42,289,16,1,Monday,False,True,False,Spring,Monday
20231017,2023-10-17,2023,Q4,10,October,42,290,17,2,Tuesday,False,True,False,Spring,Weekday
20231018,2023-10-18,2023,Q4,10,October,42,291,18,3,Wednesday,False,True,False,Spring,Weekday
20231019,2023-10-19,2023,Q4,10,October,42,292,19,4,Thursday,False,True,False,Spring,Weekday
20231020,2023-10-20,2023,Q4,10,October,42,293,20,5,Friday,False,True,False,Spring,Friday
20231021,2023-10-21,2023,Q4,10,October,42,294,21,6,Saturday,True,False,False,Spring,Weekend
20231022,2023-10-22,2023,Q4,10,October,42,295,22,7,Sunday,True,False,False,Spring,Weekend
20231023,2023-10-23,2023,Q4,10,October,43,296,23,1,Monday,False,True,False,Spring,Monday
20231024,2023-10-24,2023,Q4,10,October,43,297,24,2,Tuesday,False,True,False,Spring,Weekday
20231025,2023-10-25,2023,Q4,10,October,43,298,25,3,Wednesday,False,True,False,Spring,Weekday
20231026,2023-10-26,2023,Q4,10,October,43,299,26,4,Thursday,False,True,False,Spring,Weekday
20231027,2023-10-27,2023,Q4,10,October,43,300,27,5,Friday,False,True,False,Spring,Friday
20231028,2023-10-28,2023,Q4,10,October,43,301,28,6,Saturday,True,False,False,Spring,Weekend
20231029,2023-10-29,2023,Q4,10,October,43,302,29,7,Sunday,True,False,False,Spring,Weekend
20231030,2023-10-30,2023,Q4,10,October,44,303,30,1,Monday,False,True,False,Spring,Monday
20231031,2023-10-31,2023,Q4,10,October,44,304,31,2,Tuesday,False,True,False,Spring,Weekday
20231101,2023-11-01,2023,Q4,11,November,44,305,1,3,Wednesday,False,True,False,Spring,Weekday
20231102,2023-11-02,2023,Q4,11,November,44,306,2,4,Thursday,False,True,False,Spring,Weekday
20231103,2023-11-03,2023,Q4,11,November,44,307,3,5,Friday,False,True,False,Spring,Friday
20231104,2023-11-04,2023,Q4,11,November,44,308,4,6,Saturday,True,False,False,Spring,Weekend
20231105,2023-11-05,2023,Q4,11,November,44,309,5,7,Sunday,True,False,False,Spring,Weekend
20231106,2023-11-06,2023,Q4,11,November,45,310,6,1,Monday,False,True,False,Spring,Monday
20231107,2023-11-07,2023,Q4,11,November,45,311,7,2,Tuesday,False,True,False,Spring,Weekday
20231108,2023-11-08,2023,Q4,11,November,45,312,8,3,Wednesday,False,True,False,Spring,Weekday
20231109,2023-11-09,2023,Q4,11,November,45,313,9,4,Thursday,False,True,False,Spring,Weekday
20231110,2023-11-10,2023,Q4,11,November,45,314,10,5,Friday,False,True,False,Spring,Friday
20231111,2023-11-11,2023,Q4,11,November,45,315,11,6,Saturday,True,False,False,Spring,Weekend
20231112,2023-11-12,2023,Q4,11,November,45,316,12,7,Sunday,True,False,False,Spring,Weekend
20231113,2023-11-13,2023,Q4,11,November,46,317,13,1,Monday,False,True,False,Spring,Monday
20231114,2023-11-14,2023,Q4,11,November,46,318,14,2,Tuesday,False,True,False,Spring,Weekday
20231115,2023-11-15,2023,Q4,11,November,46,319,15,3,Wednesday,False,True,False,Spring,Weekday
20231116,2023-11-16,2023,Q4,11,November,46,320,16,4,Thursday,False,True,False,Spring,Weekday
20231117,2023-11-17,2023,Q4,11,November,46,321,17,5,Friday,False,True,False,Spring,Friday
20231118,2023-11-18,2023,Q4,11,November,46,322,18,6,Saturday,True,False,False,Spring,Weekend
20231119,2023-11-19,2023,Q4,11,November,46,323,19,7,Sunday,True,False,False,Spring,Weekend
20231120,2023-11-20,2023,Q4,11,November,47,324,20,1,Monday,False,True,False,Spring,Monday
20231121,2023-11-21,2023,Q4,11,November,47,325,21,2,Tuesday,False,True,False,Spring,Weekday
20231122,2023-11-22,2023,Q4,11,November,47,326,22,3,Wednesday,False,True,False,Spring,Weekday
20231123,2023-11-23,2023,Q4,11,November,47,327,23,4,Thursday,False,True,False,Spring,Weekday
20231124,2023-11-24,2023,Q4,11,November,47,328,24,5,Friday,False,True,False,Spring,Friday
20231125,2023-11-25,2023,Q4,11,November,47,329,25,6,Saturday,True,False,False,Spring,Weekend
20231126,2023-11-26,2023,Q4,11,November,47,330,26,7,Sunday,True,False,False,Spring,Weekend
20231127,2023-11-27,2023,Q4,11,November,48,331,27,1,Monday,False,True,False,Spring,Monday
20231128,2023-11-28,2023,Q4,11,November,48,332,28,2,Tuesday,False,True,False,Spring,Weekday
20231129,2023-11-29,2023,Q4,11,November,48,333,29,3,Wednesday,False,True,False,Spring,Weekday
20231130,2023-11-30,2023,Q4,11,November,48,334,30,4,Thursday,False,True,False,Spring,Weekday
20231201,2023-12-01,2023,Q4,12,December,48,335,1,5,Friday,False,True,False,Summer,Friday
20231202,2023-12-02,2023,Q4,12,December,48,336,2,6,Saturday,True,False,False,Summer,Weekend
20231203,2023-12-03,2023,Q4,12,December,48,337,3,7,Sunday,True,False,False,Summer,Weekend
20231204,2023-12-04,2023,Q4,12,December,49,338,4,1,Monday,False,True,False,Summer,Monday
20231205,2023-12-05,2023,Q4,12,December,49,339,5,2,Tuesday,False,True,False,Summer,Weekday
20231206,2023-12-06,2023,Q4,12,December,49,340,6,3,Wednesday,False,True,False,Summer,Weekday
20231207,2023-12-07,2023,Q4,12,December,49,341,7,4,Thursday,False,True,False,Summer,Weekday
20231208,2023-12-08,2023,Q4,12,December,49,342,8,5,Friday,False,True,False,Summer,Friday
20231209,2023-12-09,2023,Q4,12,December,49,343,9,6,Saturday,True,False,False,Summer,Weekend
20231210,2023-12-10,2023,Q4,12,December,49,344,10,7,Sunday,True,False,False,Summer,Weekend
20231211,2023-12-11,2023,Q4,12,December,50,345,11,1,Monday,False,True,False,Summer,Monday
20231212,2023-12-12,2023,Q4,12,December,50,346,12,2,Tuesday,False,True,False,Summer,Weekday
20231213,2023-12-13,2023,Q4,12,December,50,347,13,3,Wednesday,False,True,False,Summer,Weekday
20231214,2023-12-14,2023,Q4,12,December,50,348,14,4,Thursday,False,True,False,Summer,Weekday
20231215,2023-12-15,2023,Q4,12,December,50,349,15,5,Friday,False,True,False,Summer,Friday
20231216,2023-12-16,2023,Q4,12,December,50,350,16,6,Saturday,True,False,False,Summer,Weekend
20231217,2023-12-17,2023,Q4,12,December,50,351,17,7,Sunday,True,False,False,Summer,Weekend
20231218,2023-12-18,2023,Q4,12,December,51,352,18,1,Monday,False,True,False,Summer,Monday
20231219,2023-12-19,2023,Q4,12,December,51,353,19,2,Tuesday,False,True,False,Summer,Weekday
20231220,2023-12-20,2023,Q4,12,December,51,354,20,3,Wednesday,False,True,False,Summer,Weekday
20231221,2023-12-21,2023,Q4,12,December,51,355,21,4,Thursday,False,True,False,Summer,Weekday
20231222,2023-12-22,2023,Q4,12,December,51,356,22,5,Friday,False,True,False,Summer,Friday
20231223,2023-12-23,2023,Q4,12,December,51,357,23,6,Saturday,True,False,False,Summer,Weekend
20231224,2023-12-24,2023,Q4,12,December,51,358,24,7,Sunday,True,False,False,Summer,Weekend
20231225,2023-12-25,2023,Q4,12,December,52,359,25,1,Monday,False,True,True,Summer,Holiday
20231226,2023-12-26,2023,Q4,12,December,52,360,26,2,Tuesday,False,True,True,Summer,Holiday
20231227,2023-12-27,2023,Q4,12,December,52,361,27,3,Wednesday,False,True,False,Summer,Weekday
20231228,2023-12-28,2023,Q4,12,December,52,362,28,4,Thursday,False,True,False,Summer,Weekday
20231229,2023-12-29,2023,Q4,12,December,52,363,29,5,Friday,False,True,False,Summer,Friday
20231230,2023-12-30,2023,Q4,12,December,52,364,30,6,Saturday,True,False,False,Summer,Weekend
20231231,2023-12-31,2023,Q4,12,December,52,365,31,7,Sunday,True,False,False,Summer,Weekend
20240101,2024-01-01,2024,Q1,1,January,1,1,1,1,Monday,False,True,True,Summer,Holiday
20240102,2024-01-02,2024,Q1,1,January,1,2,2,2,Tuesday,False,True,False,Summer,Weekday
20240103,2024-01-03,2024,Q1,1,January,1,3,3,3,Wednesday,False,True,False,Summer,Weekday
20240104,2024-01-04,2024,Q1,1,January,1,4,4,4,Thursday,False,True,False,Summer,Weekday
20240105,2024-01-05,2024,Q1,1,January,1,5,5,5,Friday,False,True,False,Summer,Friday
20240106,2024-01-06,2024,Q1,1,January,1,6,6,6,Saturday,True,False,False,Summer,Weekend
20240107,2024-01-07,2024,Q1,1,January,1,7,7,7,Sunday,True,False,False,Summer,Weekend
20240108,2024-01-08,2024,Q1,1,January,2,8,8,1,Monday,False,True,False,Summer,Monday
20240109,2024-01-09,2024,Q1,1,January,2,9,9,2,Tuesday,False,True,False,Summer,Weekday
20240110,2024-01-10,2024,Q1,1,January,2,10,10,3,Wednesday,False,True,False,Summer,Weekday
20240111,2024-01-11,2024,Q1,1,January,2,11,11,4,Thursday,False,True,False,Summer,Weekday
20240112,2024-01-12,2024,Q1,1,January,2,12,12,5,Friday,False,True,False,Summer,Friday
20240113,2024-01-13,2024,Q1,1,January,2,13,13,6,Saturday,True,False,False,Summer,Weekend
20240114,2024-01-14,2024,Q1,1,January,2,14,14,7,Sunday,True,False,False,Summer,Weekend
20240115,2024-01-15,2024,Q1,1,January,3,15,15,1,Monday,False,True,False,Summer,Monday
20240116,2024-01-16,2024,Q1,1,January,3,16,16,2,Tuesday,False,True,False,Summer,Weekday
20240117,2024-01-17,2024,Q1,1,January,3,17,17,3,Wednesday,False,True,False,Summer,Weekday
20240118,2024-01-18,2024,Q1,1,January,3,18,18,4,Thursday,False,True,False,Summer,Weekday
20240119,2024-01-19,2024,Q1,1,January,3,19,19,5,Friday,False,True,False,Summer,Friday
20240120,2024-01-20,2024,Q1,1,January,3,20,20,6,Saturday,True,False,False,Summer,Weekend
20240121,2024-01-21,2024,Q1,1,January,3,21,21,7,Sunday,True,False,False,Summer,Weekend
20240122,2024-01-22,2024,Q1,1,January,4,22,22,1,Monday,False,True,False,Summer,Monday
20240123,2024-01-23,2024,Q1,1,January,4,23,23,2,Tuesday,False,True,False,Summer,Weekday
20240124,2024-01-24,2024,Q1,1,January,4,24,24,3,Wednesday,False,True,False,Summer,Weekday
20240125,2024-01-25,2024,Q1,1,January,4,25,25,4,Thursday,False,True,False,Summer,Weekday
20240126,2024-01-26,2024,Q1,1,January,4,26,26,5,Friday,False,True,True,Summer,Holiday
20240127,2024-01-27,2024,Q1,1,January,4,27,27,6,Saturday,True,False,False,Summer,Weekend
20240128,2024-01-28,2024,Q1,1,January,4,28,28,7,Sunday,True,False,False,Summer,Weekend
20240129,2024-01-29,2024,Q1,1,January,5,29,29,1,Monday,False,True,False,Summer,Monday
20240130,2024-01-30,2024,Q1,1,January,5,30,30,2,Tuesday,False,True,False,Summer,Weekday
20240131,2024-01-31,2024,Q1,1,January,5,31,31,3,Wednesday,False,True,False,Summer,Weekday
20240201,2024-02-01,2024,Q1,2,February,5,32,1,4,Thursday,False,True,False,Summer,Weekday
20240202,2024-02-02,2024,Q1,2,February,5,33,2,5,Friday,False,True,False,Summer,Friday
20240203,2024-02-03,2024,Q1,2,February,5,34,3,6,Saturday,True,False,False,Summer,Weekend
20240204,2024-02-04,2024,Q1,2,February,5,35,4,7,Sunday,True,False,False,Summer,Weekend
20240205,2024-02-05,2024,Q1,2,February,6,36,5,1,Monday,False,True,False,Summer,Monday
20240206,2024-02-06,2024,Q1,2,February,6,37,6,2,Tuesday,False,True,False,Summer,Weekday
20240207,2024-02-07,2024,Q1,2,February,6,38,7,3,Wednesday,False,True,False,Summer,Weekday
20240208,2024-02-08,2024,Q1,2,February,6,39,8,4,Thursday,False,True,False,Summer,Weekday
20240209,2024-02-09,2024,Q1,2,February,6,40,9,5,Friday,False,True,False,Summer,Friday
20240210,2024-02-10,2024,Q1,2,February,6,41,10,6,Saturday,True,False,False,Summer,Weekend
20240211,2024-02-11,2024,Q1,2,February,6,42,11,7,Sunday,True,False,False,Summer,Weekend
20240212,2024-02-12,2024,Q1,2,February,7,43,12,1,Monday,False,True,False,Summer,Monday
20240213,2024-02-13,2024,Q1,2,February,7,44,13,2,Tuesday,False,True,False,Summer,Weekday
20240214,2024-02-14,2024,Q1,2,February,7,45,14,3,Wednesday,False,True,False,Summer,Weekday
20240215,2024-02-15,2024,Q1,2,February,7,46,15,4,Thursday,False,True,False,Summer,Weekday
20240216,2024-02-16,2024,Q1,2,February,7,47,16,5,Friday,False,True,False,Summer,Friday
20240217,2024-02-17,2024,Q1,2,February,7,48,17,6,Saturday,True,False,False,Summer,Weekend
20240218,2024-02-18,2024,Q1,2,February,7,49,18,7,Sunday,True,False,False,Summer,Weekend
20240219,2024-02-19,2024,Q1,2,February,8,50,19,1,Monday,False,True,False,Summer,Monday
20240220,2024-02-20,2024,Q1,2,February,8,51,20,2,Tuesday,False,True,False,Summer,Weekday
20240221,2024-02-21,2024,Q1,2,February,8,52,21,3,Wednesday,False,True,False,Summer,Weekday
20240222,2024-02-22,2024,Q1,2,February,8,53,22,4,Thursday,False,True,False,Summer,Weekday
20240223,2024-02-23,2024,Q1,2,February,8,54,23,5,Friday,False,True,False,Summer,Friday
20240224,2024-02-24,2024,Q1,2,February,8,55,24,6,Saturday,True,False,False,Summer,Weekend
20240225,2024-02-25,2024,Q1,2,February,8,56,25,7,Sunday,True,False,False,Summer,Weekend
20240226,2024-02-26,2024,Q1,2,February,9,57,26,1,Monday,False,True,False,Summer,Monday
20240227,2024-02-27,2024,Q1,2,February,9,58,27,2,Tuesday,False,True,False,Summer,Weekday
20240228,2024-02-28,2024,Q1,2,February,9,59,28,3,Wednesday,False,True,False,Summer,Weekday
20240229,2024-02-29,2024,Q1,2,February,9,60,29,4,Thursday,False,True,False,Summer,Weekday
20240301,2024-03-01,2024,Q1,3,March,9,61,1,5,Friday,False,True,False,Autumn,Friday
20240302,2024-03-02,2024,Q1,3,March,9,62,2,6,Saturday,True,False,False,Autumn,Weekend
20240303,2024-03-03,2024,Q1,3,March,9,63,3,7,Sunday,True,False,False,Autumn,Weekend
20240304,2024-03-04,2024,Q1,3,March,10,64,4,1,Monday,False,True,False,Autumn,Monday
20240305,2024-03-05,2024,Q1,3,March,10,65,5,2,Tuesday,False,True,False,Autumn,Weekday
20240306,2024-03-06,2024,Q1,3,March,10,66,6,3,Wednesday,False,True,False,Autumn,Weekday
20240307,2024-03-07,2024,Q1,3,March,10,67,7,4,Thursday,False,True,False,Autumn,Weekday
20240308,2024-03-08,2024,Q1,3,March,10,68,8,5,Friday,False,True,False,Autumn,Friday
20240309,2024-03-09,2024,Q1,3,March,10,69,9,6,Saturday,True,False,False,Autumn,Weekend
20240310,2024-03-10,2024,Q1,3,March,10,70,10,7,Sunday,True,False,False,Autumn,Weekend
20240311,2024-03-11,2024,Q1,3,March,11,71,11,1,Monday,False,True,False,Autumn,Monday
20240312,2024-03-12,2024,Q1,3,March,11,72,12,2,Tuesday,False,True,False,Autumn,Weekday
20240313,2024-03-13,2024,Q1,3,March,11,73,13,3,Wednesday,False,True,False,Autumn,Weekday
20240314,2024-03-14,2024,Q1,3,March,11,74,14,4,Thursday,False,True,False,Autumn,Weekday
20240315,2024-03-15,2024,Q1,3,March,11,75,15,5,Friday,False,True,False,Autumn,Friday
20240316,2024-03-16,2024,Q1,3,March,11,76,16,6,Saturday,True,False,False,Autumn,Weekend
20240317,2024-03-17,2024,Q1,3,March,11,77,17,7,Sunday,True,False,False,Autumn,Weekend
20240318,2024-03-18,2024,Q1,3,March,12,78,18,1,Monday,False,True,False,Autumn,Monday
20240319,2024-03-19,2024,Q1,3,March,12,79,19,2,Tuesday,False,True,False,Autumn,Weekday
20240320,2024-03-20,2024,Q1,3,March,12,80,20,3,Wednesday,False,True,False,Autumn,Weekday
20240321,2024-03-21,2024,Q1,3,March,12,81,21,4,Thursday,False,True,False,Autumn,Weekday
20240322,2024-03-22,2024,Q1,3,March,12,82,22,5,Friday,False,True,False,Autumn,Friday
20240323,2024-03-23,2024,Q1,3,March,12,83,23,6,Saturday,True,False,False,Autumn,Weekend
20240324,2024-03-24,2024,Q1,3,March,12,84,24,7,Sunday,True,False,False,Autumn,Weekend
20240325,2024-03-25,2024,Q1,3,March,13,85,25,1,Monday,False,True,False,Autumn,Monday
20240326,2024-03-26,2024,Q1,3,March,13,86,26,2,Tuesday,False,True,False,Autumn,Weekday
20240327,2024-03-27,2024,Q1,3,March,13,87,27,3,Wednesday,False,True,False,Autumn,Weekday
20240328,2024-03-28,2024,Q1,3,March,13,88,28,4,Thursday,False,True,False,Autumn,Weekday
20240329,2024-03-29,2024,Q1,3,March,13,89,29,5,Friday,False,True,False,Autumn,Friday
20240330,2024-03-30,2024,Q1,3,March,13,90,30,6,Saturday,True,False,False,Autumn,Weekend
20240331,2024-03-31,2024,Q1,3,March,13,91,31,7,Sunday,True,False,False,Autumn,Weekend
20240401,2024-04-01,2024,Q2,4,April,14,92,1,1,Monday,False,True,False,Autumn,Monday
20240402,2024-04-02,2024,Q2,4,April,14,93,2,2,Tuesday,False,True,False,Autumn,Weekday
20240403,2024-04-03,2024,Q2,4,April,14,94,3,3,Wednesday,False,True,False,Autumn,Weekday
20240404,2024-04-04,2024,Q2,4,April,14,95,4,4,Thursday,False,True,False,Autumn,Weekday
20240405,2024-04-05,2024,Q2,4,April,14,96,5,5,Friday,False,True,False,Autumn,Friday
20240406,2024-04-06,2024,Q2,4,April,14,97,6,6,Saturday,True,False,False,Autumn,Weekend
20240407,2024-04-07,2024,Q2,4,April,14,98,7,7,Sunday,True,False,False,Autumn,Weekend
20240408,2024-04-08,2024,Q2,4,April,15,99,8,1,Monday,False,True,False,Autumn,Monday
20240409,2024-04-09,2024,Q2,4,April,15,100,9,2,Tuesday,False,True,False,Autumn,Weekday
20240410,2024-04-10,2024,Q2,4,April,15,101,10,3,Wednesday,False,True,False,Autumn,Weekday
20240411,2024-04-11,2024,Q2,4,April,15,102,11,4,Thursday,False,True,False,Autumn,Weekday
20240412,2024-04-12,2024,Q2,4,April,15,103,12,5,Friday,False,True,False,Autumn,Friday
20240413,2024-04-13,2024,Q2,4,April,15,104,13,6,Saturday,True,False,False,Autumn,Weekend
20240414,2024-04-14,2024,Q2,4,April,15,105,14,7,Sunday,True,False,False,Autumn,Weekend
20240415,2024-04-15,2024,Q2,4,April,16,106,15,1,Monday,False,True,False,Autumn,Monday
20240416,2024-04-16,2024,Q2,4,April,16,107,16,2,Tuesday,False,True,False,Autumn,Weekday
20240417,2024-04-17,2024,Q2,4,April,16,108,17,3,Wednesday,False,True,False,Autumn,Weekday
20240418,2024-04-18,2024,Q2,4,April,16,109,18,4,Thursday,False,True,False,Autumn,Weekday
20240419,2024-04-19,2024,Q2,4,April,16,110,19,5,Friday,False,True,False,Autumn,Friday
20240420,2024-04-20,2024,Q2,4,April,16,111,20,6,Saturday,True,False,False,Autumn,Weekend
20240421,2024-04-21,2024,Q2,4,April,16,112,21,7,Sunday,True,False,False,Autumn,Weekend
20240422,2024-04-22,2024,Q2,4,April,17,113,22,1,Monday,False,True,False,Autumn,Monday
20240423,2024-04-23,2024,Q2,4,April,17,114,23,2,Tuesday,False,True,False,Autumn,Weekday
20240424,2024-04-24,2024,Q2,4,April,17,115,24,3,Wednesday,False,True,False,Autumn,Weekday
20240425,2024-04-25,2024,Q2,4,April,17,116,25,4,Thursday,False,True,True,Autumn,Holiday
20240426,2024-04-26,2024,Q2,4,April,17,117,26,5,Friday,False,True,False,Autumn,Friday
20240427,2024-04-27,2024,Q2,4,April,17,118,27,6,Saturday,True,False,False,Autumn,Weekend
20240428,2024-04-28,2024,Q2,4,April,17,119,28,7,Sunday,True,False,False,Autumn,Weekend
20240429,2024-04-29,2024,Q2,4,April,18,120,29,1,Monday,False,True,False,Autumn,Monday
20240430,2024-04-30,2024,Q2,4,April,18,121,30,2,Tuesday,False,True,False,Autumn,Weekday
20240501,2024-05-01,2024,Q2,5,May,18,122,1,3,Wednesday,False,True,False,Autumn,Weekday
20240502,2024-05-02,2024,Q2,5,May,18,123,2,4,Thursday,False,True,False,Autumn,Weekday
20240503,2024-05-03,2024,Q2,5,May,18,124,3,5,Friday,False,True,False,Autumn,Friday
20240504,2024-05-04,2024,Q2,5,May,18,125,4,6,Saturday,True,False,False,Autumn,Weekend
20240505,2024-05-05,2024,Q2,5,May,18,126,5,7,Sunday,True,False,False,Autumn,Weekend
20240506,2024-05-06,2024,Q2,5,May,19,127,6,1,Monday,False,True,False,Autumn,Monday
20240507,2024-05-07,2024,Q2,5,May,19,128,7,2,Tuesday,False,True,False,Autumn,Weekday
20240508,2024-05-08,2024,Q2,5,May,19,129,8,3,Wednesday,False,True,False,Autumn,Weekday
20240509,2024-05-09,2024,Q2,5,May,19,130,9,4,Thursday,False,True,False,Autumn,Weekday
20240510,2024-05-10,2024,Q2,5,May,19,131,10,5,Friday,False,True,False,Autumn,Friday
20240511,2024-05-11,2024,Q2,5,May,19,132,11,6,Saturday,True,False,False,Autumn,Weekend
20240512,2024-05-12,2024,Q2,5,May,19,133,12,7,Sunday,True,False,False,Autumn,Weekend
20240513,2024-05-13,2024,Q2,5,May,20,134,13,1,Monday,False,True,False,Autumn,Monday
20240514,2024-05-14,2024,Q2,5,May,20,135,14,2,Tuesday,False,True,False,Autumn,Weekday
20240515,2024-05-15,2024,Q2,5,May,20,136,15,3,Wednesday,False,True,False,Autumn,Weekday
20240516,2024-05-16,2024,Q2,5,May,20,137,16,4,Thursday,False,True,False,Autumn,Weekday
20240517,2024-05-17,2024,Q2,5,May,20,138,17,5,Friday,False,True,False,Autumn,Friday
20240518,2024-05-18,2024,Q2,5,May,20,139,18,6,Saturday,True,False,False,Autumn,Weekend
20240519,2024-05-19,2024,Q2,5,May,20,140,19,7,Sunday,True,False,False,Autumn,Weekend
20240520,2024-05-20,2024,Q2,5,May,21,141,20,1,Monday,False,True,False,Autumn,Monday
20240521,2024-05-21,2024,Q2,5,May,21,142,21,2,Tuesday,False,True,False,Autumn,Weekday
20240522,2024-05-22,2024,Q2,5,May,21,143,22,3,Wednesday,False,True,False,Autumn,Weekday
20240523,2024-05-23,2024,Q2,5,May,21,144,23,4,Thursday,False,True,False,Autumn,Weekday
20240524,2024-05-24,2024,Q2,5,May,21,145,24,5,Friday,False,True,False,Autumn,Friday
20240525,2024-05-25,2024,Q2,5,May,21,146,25,6,Saturday,True,False,False,Autumn,Weekend
20240526,2024-05-26,2024,Q2,5,May,21,147,26,7,Sunday,True,False,False,Autumn,Weekend
20240527,2024-05-27,2024,Q2,5,May,22,148,27,1,Monday,False,True,False,Autumn,Monday
20240528,2024-05-28,2024,Q2,5,May,22,149,28,2,Tuesday,False,True,False,Autumn,Weekday
20240529,2024-05-29,2024,Q2,5,May,22,150,29,3,Wednesday,False,True,False,Autumn,Weekday
20240530,2024-05-30,2024,Q2,5,May,22,151,30,4,Thursday,False,True,False,Autumn,Weekday
20240531,2024-05-31,2024,Q2,5,May,22,152,31,5,Friday,False,True,False,Autumn,Friday
20240601,2024-06-01,2024,Q2,6,June,22,153,1,6,Saturday,True,False,False,Winter,Weekend
20240602,2024-06-02,2024,Q2,6,June,22,154,2,7,Sunday,True,False,False,Winter,Weekend
20240603,2024-06-03,2024,Q2,6,June,23,155,3,1,Monday,False,True,False,Winter,Monday
20240604,2024-06-04,2024,Q2,6,June,23,156,4,2,Tuesday,False,True,False,Winter,Weekday
20240605,2024-06-05,2024,Q2,6,June,23,157,5,3,Wednesday,False,True,False,Winter,Weekday
20240606,2024-06-06,2024,Q2,6,June,23,158,6,4,Thursday,False,True,False,Winter,Weekday
20240607,2024-06-07,2024,Q2,6,June,23,159,7,5,Friday,False,True,False,Winter,Friday
20240608,2024-06-08,2024,Q2,6,June,23,160,8,6,Saturday,True,False,False,Winter,Weekend
20240609,2024-06-09,2024,Q2,6,June,23,161,9,7,Sunday,True,False,False,Winter,Weekend
20240610,2024-06-10,2024,Q2,6,June,24,162,10,1,Monday,False,True,False,Winter,Monday
20240611,2024-06-11,2024,Q2,6,June,24,163,11,2,Tuesday,False,True,False,Winter,Weekday
20240612,2024-06-12,2024,Q2,6,June,24,164,12,3,Wednesday,False,True,False,Winter,Weekday
20240613,2024-06-13,2024,Q2,6,June,24,165,13,4,Thursday,False,True,False,Winter,Weekday
20240614,2024-06-14,2024,Q2,6,June,24,166,14,5,Friday,False,True,False,Winter,Friday
20240615,2024-06-15,2024,Q2,6,June,24,167,15,6,Saturday,True,False,False,Winter,Weekend
20240616,2024-06-16,2024,Q2,6,June,24,168,16,7,Sunday,True,False,False,Winter,Weekend
20240617,2024-06-17,2024,Q2,6,June,25,169,17,1,Monday,False,True,False,Winter,Monday
20240618,2024-06-18,2024,Q2,6,June,25,170,18,2,Tuesday,False,True,False,Winter,Weekday
20240619,2024-06-19,2024,Q2,6,June,25,171,19,3,Wednesday,False,True,False,Winter,Weekday
20240620,2024-06-20,2024,Q2,6,June,25,172,20,4,Thursday,False,True,False,Winter,Weekday
20240621,2024-06-21,2024,Q2,6,June,25,173,21,5,Friday,False,True,False,Winter,Friday
20240622,2024-06-22,2024,Q2,6,June,25,174,22,6,Saturday,True,False,False,Winter,Weekend
20240623,2024-06-23,2024,Q2,6,June,25,175,23,7,Sunday,True,False,False,Winter,Weekend
20240624,2024-06-24,2024,Q2,6,June,26,176,24,1,Monday,False,True,False,Winter,Monday
20240625,2024-06-25,2024,Q2,6,June,26,177,25,2,Tuesday,False,True,False,Winter,Weekday
20240626,2024-06-26,2024,Q2,6,June,26,178,26,3,Wednesday,False,True,False,Winter,Weekday
20240627,2024-06-27,2024,Q2,6,June,26,179,27,4,Thursday,False,True,False,Winter,Weekday
20240628,2024-06-28,2024,Q2,6,June,26,180,28,5,Friday,False,True,False,Winter,Friday
20240629,2024-06-29,2024,Q2,6,June,26,181,29,6,Saturday,True,False,False,Winter,Weekend
20240630,2024-06-30,2024,Q2,6,June,26,182,30,7,Sunday,True,False,False,Winter,Weekend
20240701,2024-07-01,2024,Q3,7,July,27,183,1,1,Monday,False,True,False,Winter,Monday
20240702,2024-07-02,2024,Q3,7,July,27,184,2,2,Tuesday,False,True,False,Winter,Weekday
20240703,2024-07-03,2024,Q3,7,July,27,185,3,3,Wednesday,False,True,False,Winter,Weekday
20240704,2024-07-04,2024,Q3,7,July,27,186,4,4,Thursday,False,True,False,Winter,Weekday
20240705,2024-07-05,2024,Q3,7,July,27,187,5,5,Friday,False,True,False,Winter,Friday
20240706,2024-07-06,2024,Q3,7,July,27,188,6,6,Saturday,True,False,False,Winter,Weekend
20240707,2024-07-07,2024,Q3,7,July,27,189,7,7,Sunday,True,False,False,Winter,Weekend
20240708,2024-07-08,2024,Q3,7,July,28,190,8,1,Monday,False,True,False,Winter,Monday
20240709,2024-07-09,2024,Q3,7,July,28,191,9,2,Tuesday,False,True,False,Winter,Weekday
20240710,2024-07-10,2024,Q3,7,July,28,192,10,3,Wednesday,False,True,False,Winter,Weekday
20240711,2024-07-11,2024,Q3,7,July,28,193,11,4,Thursday,False,True,False,Winter,Weekday
20240712,2024-07-12,2024,Q3,7,July,28,194,12,5,Friday,False,True,False,Winter,Friday
20240713,2024-07-13,2024,Q3,7,July,28,195,13,6,Saturday,True,False,False,Winter,Weekend
20240714,2024-07-14,2024,Q3,7,July,28,196,14,7,Sunday,True,False,False,Winter,Weekend
20240715,2024-07-15,2024,Q3,7,July,29,197,15,1,Monday,False,True,False,Winter,Monday
20240716,2024-07-16,2024,Q3,7,July,29,198,16,2,Tuesday,False,True,False,Winter,Weekday
20240717,2024-07-17,2024,Q3,7,July,29,199,17,3,Wednesday,False,True,False,Winter,Weekday
20240718,2024-07-18,2024,Q3,7,July,29,200,18,4,Thursday,False,True,False,Winter,Weekday
20240719,2024-07-19,2024,Q3,7,July,29,201,19,5,Friday,False,True,False,Winter,Friday
20240720,2024-07-20,2024,Q3,7,July,29,202,20,6,Saturday,True,False,False,Winter,Weekend
20240721,2024-07-21,2024,Q3,7,July,29,203,21,7,Sunday,True,False,False,Winter,Weekend
20240722,2024-07-22,2024,Q3,7,July,30,204,22,1,Monday,False,True,False,Winter,Monday
20240723,2024-07-23,2024,Q3,7,July,30,205,23,2,Tuesday,False,True,False,Winter,Weekday
20240724,2024-07-24,2024,Q3,7,July,30,206,24,3,Wednesday,False,True,False,Winter,Weekday
20240725,2024-07-25,2024,Q3,7,July,30,207,25,4,Thursday,False,True,False,Winter,Weekday
20240726,2024-07-26,2024,Q3,7,July,30,208,26,5,Friday,False,True,False,Winter,Friday
20240727,2024-07-27,2024,Q3,7,July,30,209,27,6,Saturday,True,False,False,Winter,Weekend
20240728,2024-07-28,2024,Q3,7,July,30,210,28,7,Sunday,True,False,False,Winter,Weekend
20240729,2024-07-29,2024,Q3,7,July,31,211,29,1,Monday,False,True,False,Winter,Monday
20240730,2024-07-30,2024,Q3,7,July,31,212,30,2,Tuesday,False,True,False,Winter,Weekday
20240731,2024-07-31,2024,Q3,7,July,31,213,31,3,Wednesday,False,True,False,Winter,Weekday
20240801,2024-08-01,2024,Q3,8,August,31,214,1,4,Thursday,False,True,False,Winter,Weekday
20240802,2024-08-02,2024,Q3,8,August,31,215,2,5,Friday,False,True,False,Winter,Friday
20240803,2024-08-03,2024,Q3,8,August,31,216,3,6,Saturday,True,False,False,Winter,Weekend
20240804,2024-08-04,2024,Q3,8,August,31,217,4,7,Sunday,True,False,False,Winter,Weekend
20240805,2024-08-05,2024,Q3,8,August,32,218,5,1,Monday,False,True,False,Winter,Monday
20240806,2024-08-06,2024,Q3,8,August,32,219,6,2,Tuesday,False,True,False,Winter,Weekday
20240807,2024-08-07,2024,Q3,8,August,32,220,7,3,Wednesday,False,True,False,Winter,Weekday
20240808,2024-08-08,2024,Q3,8,August,32,221,8,4,Thursday,False,True,False,Winter,Weekday
20240809,2024-08-09,2024,Q3,8,August,32,222,9,5,Friday,False,True,False,Winter,Friday
20240810,2024-08-10,2024,Q3,8,August,32,223,10,6,Saturday,True,False,False,Winter,Weekend
20240811,2024-08-11,2024,Q3,8,August,32,224,11,7,Sunday,True,False,False,Winter,Weekend
20240812,2024-08-12,2024,Q3,8,August,33,225,12,1,Monday,False,True,False,Winter,Monday
20240813,2024-08-13,2024,Q3,8,August,33,226,13,2,Tuesday,False,True,False,Winter,Weekday
20240814,2024-08-14,2024,Q3,8,August,33,227,14,3,Wednesday,False,True,False,Winter,Weekday
20240815,2024-08-15,2024,Q3,8,August,33,228,15,4,Thursday,False,True,False,Winter,Weekday
20240816,2024-08-16,2024,Q3,8,August,33,229,16,5,Friday,False,True,False,Winter,Friday
20240817,2024-08-17,2024,Q3,8,August,33,230,17,6,Saturday,True,False,False,Winter,Weekend
20240818,2024-08-18,2024,Q3,8,August,33,231,18,7,Sunday,True,False,False,Winter,Weekend
20240819,2024-08-19,2024,Q3,8,August,34,232,19,1,Monday,False,True,False,Winter,Monday
20240820,2024-08-20,2024,Q3,8,August,34,233,20,2,Tuesday,False,True,False,Winter,Weekday
20240821,2024-08-21,2024,Q3,8,August,34,234,21,3,Wednesday,False,True,False,Winter,Weekday
20240822,2024-08-22,2024,Q3,8,August,34,235,22,4,Thursday,False,True,False,Winter,Weekday
20240823,2024-08-23,2024,Q3,8,August,34,236,23,5,Friday,False,True,False,Winter,Friday
20240824,2024-08-24,2024,Q3,8,August,34,237,24,6,Saturday,True,False,False,Winter,Weekend
20240825,2024-08-25,2024,Q3,8,August,34,238,25,7,Sunday,True,False,False,Winter,Weekend
20240826,2024-08-26,2024,Q3,8,August,35,239,26,1,Monday,False,True,False,Winter,Monday
20240827,2024-08-27,2024,Q3,8,August,35,240,27,2,Tuesday,False,True,False,Winter,Weekday
20240828,2024-08-28,2024,Q3,8,August,35,241,28,3,Wednesday,False,True,False,Winter,Weekday
20240829,2024-08-29,2024,Q3,8,August,35,242,29,4,Thursday,False,True,False,Winter,Weekday
20240830,2024-08-30,2024,Q3,8,August,35,243,30,5,Friday,False,True,False,Winter,Friday
20240831,2024-08-31,2024,Q3,8,August,35,244,31,6,Saturday,True,False,False,Winter,Weekend
20240901,2024-09-01,2024,Q3,9,September,35,245,1,7,Sunday,True,False,False,Spring,Weekend
20240902,2024-09-02,2024,Q3,9,September,36,246,2,1,Monday,False,True,False,Spring,Monday
20240903,2024-09-03,2024,Q3,9,September,36,247,3,2,Tuesday,False,True,False,Spring,Weekday
20240904,2024-09-04,2024,Q3,9,September,36,248,4,3,Wednesday,False,True,False,Spring,Weekday
20240905,2024-09-05,2024,Q3,9,September,36,249,5,4,Thursday,False,True,False,Spring,Weekday
20240906,2024-09-06,2024,Q3,9,September,36,250,6,5,Friday,False,True,False,Spring,Friday
20240907,2024-09-07,2024,Q3,9,September,36,251,7,6,Saturday,True,False,False,Spring,Weekend
20240908,2024-09-08,2024,Q3,9,September,36,252,8,7,Sunday,True,False,False,Spring,Weekend
20240909,2024-09-09,2024,Q3,9,September,37,253,9,1,Monday,False,True,False,Spring,Monday
20240910,2024-09-10,2024,Q3,9,September,37,254,10,2,Tuesday,False,True,False,Spring,Weekday
20240911,2024-09-11,2024,Q3,9,September,37,255,11,3,Wednesday,False,True,False,Spring,Weekday
20240912,2024-09-12,2024,Q3,9,September,37,256,12,4,Thursday,False,True,False,Spring,Weekday
20240913,2024-09-13,2024,Q3,9,September,37,257,13,5,Friday,False,True,False,Spring,Friday
20240914,2024-09-14,2024,Q3,9,September,37,258,14,6,Saturday,True,False,False,Spring,Weekend
20240915,2024-09-15,2024,Q3,9,September,37,259,15,7,Sunday,True,False,False,Spring,Weekend
20240916,2024-09-16,2024,Q3,9,September,38,260,16,1,Monday,False,True,False,Spring,Monday
20240917,2024-09-17,2024,Q3,9,September,38,261,17,2,Tuesday,False,True,False,Spring,Weekday
20240918,2024-09-18,2024,Q3,9,September,38,262,18,3,Wednesday,False,True,False,Spring,Weekday
20240919,2024-09-19,2024,Q3,9,September,38,263,19,4,Thursday,False,True,False,Spring,Weekday
20240920,2024-09-20,2024,Q3,9,September,38,264,20,5,Friday,False,True,False,Spring,Friday
20240921,2024-09-21,2024,Q3,9,September,38,265,21,6,Saturday,True,False,False,Spring,Weekend
20240922,2024-09-22,2024,Q3,9,September,38,266,22,7,Sunday,True,False,False,Spring,Weekend
20240923,2024-09-23,2024,Q3,9,September,39,267,23,1,Monday,False,True,False,Spring,Monday
20240924,2024-09-24,2024,Q3,9,September,39,268,24,2,Tuesday,False,True,False,Spring,Weekday
20240925,2024-09-25,2024,Q3,9,September,39,269,25,3,Wednesday,False,True,False,Spring,Weekday
20240926,2024-09-26,2024,Q3,9,September,39,270,26,4,Thursday,False,True,False,Spring,Weekday
20240927,2024-09-27,2024,Q3,9,September,39,271,27,5,Friday,False,True,False,Spring,Friday
20240928,2024-09-28,2024,Q3,9,September,39,272,28,6,Saturday,True,False,False,Spring,Weekend
20240929,2024-09-29,2024,Q3,9,September,39,273,29,7,Sunday,True,False,False,Spring,Weekend
20240930,2024-09-30,2024,Q3,9,September,40,274,30,1,Monday,False,True,False,Spring,Monday
20241001,2024-10-01,2024,Q4,10,October,40,275,1,2,Tuesday,False,True,False,Spring,Weekday
20241002,2024-10-02,2024,Q4,10,October,40,276,2,3,Wednesday,False,True,False,Spring,Weekday
20241003,2024-10-03,2024,Q4,10,October,40,277,3,4,Thursday,False,True,False,Spring,Weekday
20241004,2024-10-04,2024,Q4,10,October,40,278,4,5,Friday,False,True,False,Spring,Friday
20241005,2024-10-05,2024,Q4,10,October,40,279,5,6,Saturday,True,False,False,Spring,Weekend
20241006,2024-10-06,2024,Q4,10,October,40,280,6,7,Sunday,True,False,False,Spring,Weekend
20241007,2024-10-07,2024,Q4,10,October,41,281,7,1,Monday,False,True,False,Spring,Monday
20241008,2024-10-08,2024,Q4,10,October,41,282,8,2,Tuesday,False,True,False,Spring,Weekday
20241009,2024-10-09,2024,Q4,10,October,41,283,9,3,Wednesday,False,True,False,Spring,Weekday
20241010,2024-10-10,2024,Q4,10,October,41,284,10,4,Thursday,False,True,False,Spring,Weekday
20241011,2024-10-11,2024,Q4,10,October,41,285,11,5,Friday,False,True,False,Spring,Friday
20241012,2024-10-12,2024,Q4,10,October,41,286,12,6,Saturday,True,False,False,Spring,Weekend
20241013,2024-10-13,2024,Q4,10,October,41,287,13,7,Sunday,True,False,False,Spring,Weekend
20241014,2024-10-14,2024,Q4,10,October,42,288,14,1,Monday,False,True,False,Spring,Monday
20241015,2024-10-15,2024,Q4,10,October,42,289,15,2,Tuesday,False,True,False,Spring,Weekday
20241016,2024-10-16,2024,Q4,10,October,42,290,16,3,Wednesday,False,True,False,Spring,Weekday
20241017,2024-10-17,2024,Q4,10,October,42,291,17,4,Thursday,False,True,False,Spring,Weekday
20241018,2024-10-18,2024,Q4,10,October,42,292,18,5,Friday,False,True,False,Spring,Friday
20241019,2024-10-19,2024,Q4,10,October,42,293,19,6,Saturday,True,False,False,Spring,Weekend
20241020,2024-10-20,2024,Q4,10,October,42,294,20,7,Sunday,True,False,False,Spring,Weekend
20241021,2024-10-21,2024,Q4,10,October,43,295,21,1,Monday,False,True,False,Spring,Monday
20241022,2024-10-22,2024,Q4,10,October,43,296,22,2,Tuesday,False,True,False,Spring,Weekday
20241023,2024-10-23,2024,Q4,10,October,43,297,23,3,Wednesday,False,True,False,Spring,Weekday
20241024,2024-10-24,2024,Q4,10,October,43,298,24,4,Thursday,False,True,False,Spring,Weekday
20241025,2024-10-25,2024,Q4,10,October,43,299,25,5,Friday,False,True,False,Spring,Friday
20241026,2024-10-26,2024,Q4,10,October,43,300,26,6,Saturday,True,False,False,Spring,Weekend
20241027,2024-10-27,2024,Q4,10,October,43,301,27,7,Sunday,True,False,False,Spring,Weekend
20241028,2024-10-28,2024,Q4,10,October,44,302,28,1,Monday,False,True,False,Spring,Monday
20241029,2024-10-29,2024,Q4,10,October,44,303,29,2,Tuesday,False,True,False,Spring,Weekday
20241030,2024-10-30,2024,Q4,10,October,44,304,30,3,Wednesday,False,True,False,Spring,Weekday
20241031,2024-10-31,2024,Q4,10,October,44,305,31,4,Thursday,False,True,False,Spring,Weekday
20241101,2024-11-01,2024,Q4,11,November,44,306,1,5,Friday,False,True,False,Spring,Friday
20241102,2024-11-02,2024,Q4,11,November,44,307,2,6,Saturday,True,False,False,Spring,Weekend
20241103,2024-11-03,2024,Q4,11,November,44,308,3,7,Sunday,True,False,False,Spring,Weekend
20241104,2024-11-04,2024,Q4,11,November,45,309,4,1,Monday,False,True,False,Spring,Monday
20241105,2024-11-05,2024,Q4,11,November,45,310,5,2,Tuesday,False,True,False,Spring,Weekday
20241106,2024-11-06,2024,Q4,11,November,45,311,6,3,Wednesday,False,True,False,Spring,Weekday
20241107,2024-11-07,2024,Q4,11,November,45,312,7,4,Thursday,False,True,False,Spring,Weekday
20241108,2024-11-08,2024,Q4,11,November,45,313,8,5,Friday,False,True,False,Spring,Friday
20241109,2024-11-09,2024,Q4,11,November,45,314,9,6,Saturday,True,False,False,Spring,Weekend
20241110,2024-11-10,2024,Q4,11,November,45,315,10,7,Sunday,True,False,False,Spring,Weekend
20241111,2024-11-11,2024,Q4,11,November,46,316,11,1,Monday,False,True,False,Spring,Monday
20241112,2024-11-12,2024,Q4,11,November,46,317,12,2,Tuesday,False,True,False,Spring,Weekday
20241113,2024-11-13,2024,Q4,11,November,46,318,13,3,Wednesday,False,True,False,Spring,Weekday
20241114,2024-11-14,2024,Q4,11,November,46,319,14,4,Thursday,False,True,False,Spring,Weekday
20241115,2024-11-15,2024,Q4,11,November,46,320,15,5,Friday,False,True,False,Spring,Friday
20241116,2024-11-16,2024,Q4,11,November,46,321,16,6,Saturday,True,False,False,Spring,Weekend
20241117,2024-11-17,2024,Q4,11,November,46,322,17,7,Sunday,True,False,False,Spring,Weekend
20241118,2024-11-18,2024,Q4,11,November,47,323,18,1,Monday,False,True,False,Spring,Monday
20241119,2024-11-19,2024,Q4,11,November,47,324,19,2,Tuesday,False,True,False,Spring,Weekday
20241120,2024-11-20,2024,Q4,11,November,47,325,20,3,Wednesday,False,True,False,Spring,Weekday
20241121,2024-11-21,2024,Q4,11,November,47,326,21,4,Thursday,False,True,False,Spring,Weekday
20241122,2024-11-22,2024,Q4,11,November,47,327,22,5,Friday,False,True,False,Spring,Friday
20241123,2024-11-23,2024,Q4,11,November,47,328,23,6,Saturday,True,False,False,Spring,Weekend
20241124,2024-11-24,2024,Q4,11,November,47,329,24,7,Sunday,True,False,False,Spring,Weekend
20241125,2024-11-25,2024,Q4,11,November,48,330,25,1,Monday,False,True,False,Spring,Monday
20241126,2024-11-26,2024,Q4,11,November,48,331,26,2,Tuesday,False,True,False,Spring,Weekday
20241127,2024-11-27,2024,Q4,11,November,48,332,27,3,Wednesday,False,True,False,Spring,Weekday
20241128,2024-11-28,2024,Q4,11,November,48,333,28,4,Thursday,False,True,False,Spring,Weekday
20241129,2024-11-29,2024,Q4,11,November,48,334,29,5,Friday,False,True,False,Spring,Friday
20241130,2024-11-30,2024,Q4,11,November,48,335,30,6,Saturday,True,False,False,Spring,Weekend
20241201,2024-12-01,2024,Q4,12,December,48,336,1,7,Sunday,True,False,False,Summer,Weekend
20241202,2024-12-02,2024,Q4,12,December,49,337,2,1,Monday,False,True,False,Summer,Monday
20241203,2024-12-03,2024,Q4,12,December,49,338,3,2,Tuesday,False,True,False,Summer,Weekday
20241204,2024-12-04,2024,Q4,12,December,49,339,4,3,Wednesday,False,True,False,Summer,Weekday
20241205,2024-12-05,2024,Q4,12,December,49,340,5,4,Thursday,False,True,False,Summer,Weekday
20241206,2024-12-06,2024,Q4,12,December,49,341,6,5,Friday,False,True,False,Summer,Friday
20241207,2024-12-07,2024,Q4,12,December,49,342,7,6,Saturday,True,False,False,Summer,Weekend
20241208,2024-12-08,2024,Q4,12,December,49,343,8,7,Sunday,True,False,False,Summer,Weekend
20241209,2024-12-09,2024,Q4,12,December,50,344,9,1,Monday,False,True,False,Summer,Monday
20241210,2024-12-10,2024,Q4,12,December,50,345,10,2,Tuesday,False,True,False,Summer,Weekday
20241211,2024-12-11,2024,Q4,12,December,50,346,11,3,Wednesday,False,True,False,Summer,Weekday
20241212,2024-12-12,2024,Q4,12,December,50,347,12,4,Thursday,False,True,False,Summer,Weekday
20241213,2024-12-13,2024,Q4,12,December,50,348,13,5,Friday,False,True,False,Summer,Friday
20241214,2024-12-14,2024,Q4,12,December,50,349,14,6,Saturday,True,False,False,Summer,Weekend
20241215,2024-12-15,2024,Q4,12,December,50,350,15,7,Sunday,True,False,False,Summer,Weekend
20241216,2024-12-16,2024,Q4,12,December,51,351,16,1,Monday,False,True,False,Summer,Monday
20241217,2024-12-17,2024,Q4,12,December,51,352,17,2,Tuesday,False,True,False,Summer,Weekday
20241218,2024-12-18,2024,Q4,12,December,51,353,18,3,Wednesday,False,True,False,Summer,Weekday
20241219,2024-12-19,2024,Q4,12,December,51,354,19,4,Thursday,False,True,False,Summer,Weekday
20241220,2024-12-20,2024,Q4,12,December,51,355,20,5,Friday,False,True,False,Summer,Friday
20241221,2024-12-21,2024,Q4,12,December,51,356,21,6,Saturday,True,False,False,Summer,Weekend
20241222,2024-12-22,2024,Q4,12,December,51,357,22,7,Sunday,True,False,False,Summer,Weekend
20241223,2024-12-23,2024,Q4,12,December,52,358,23,1,Monday,False,True,False,Summer,Monday
20241224,2024-12-24,2024,Q4,12,December,52,359,24,2,Tuesday,False,True,False,Summer,Weekday
20241225,2024-12-25,2024,Q4,12,December,52,360,25,3,Wednesday,False,True,True,Summer,Holiday
20241226,2024-12-26,2024,Q4,12,December,52,361,26,4,Thursday,False,True,True,Summer,Holiday
20241227,2024-12-27,2024,Q4,12,December,52,362,27,5,Friday,False,True,False,Summer,Friday
20241228,2024-12-28,2024,Q4,12,December,52,363,28,6,Saturday,True,False,False,Summer,Weekend
20241229,2024-12-29,2024,Q4,12,December,52,364,29,7,Sunday,True,False,False,Summer,Weekend
20241230,2024-12-30,2024,Q4,12,December,1,365,30,1,Monday,False,True,False,Summer,Monday
20241231,2024-12-31,2024,Q4,12,December,1,366,31,2,Tuesday,False,True,False,Summer,Weekday
20250101,2025-01-01,2025,Q1,1,January,1,1,1,3,Wednesday,False,True,True,Summer,Holiday
20250102,2025-01-02,2025,Q1,1,January,1,2,2,4,Thursday,False,True,False,Summer,Weekday
20250103,2025-01-03,2025,Q1,1,January,1,3,3,5,Friday,False,True,False,Summer,Friday
20250104,2025-01-04,2025,Q1,1,January,1,4,4,6,Saturday,True,False,False,Summer,Weekend
20250105,2025-01-05,2025,Q1,1,January,1,5,5,7,Sunday,True,False,False,Summer,Weekend
20250106,2025-01-06,2025,Q1,1,January,2,6,6,1,Monday,False,True,False,Summer,Monday
20250107,2025-01-07,2025,Q1,1,January,2,7,7,2,Tuesday,False,True,False,Summer,Weekday
20250108,2025-01-08,2025,Q1,1,January,2,8,8,3,Wednesday,False,True,False,Summer,Weekday
20250109,2025-01-09,2025,Q1,1,January,2,9,9,4,Thursday,False,True,False,Summer,Weekday
20250110,2025-01-10,2025,Q1,1,January,2,10,10,5,Friday,False,True,False,Summer,Friday
20250111,2025-01-11,2025,Q1,1,January,2,11,11,6,Saturday,True,False,False,Summer,Weekend
20250112,2025-01-12,2025,Q1,1,January,2,12,12,7,Sunday,True,False,False,Summer,Weekend
20250113,2025-01-13,2025,Q1,1,January,3,13,13,1,Monday,False,True,False,Summer,Monday
20250114,2025-01-14,2025,Q1,1,January,3,14,14,2,Tuesday,False,True,False,Summer,Weekday
20250115,2025-01-15,2025,Q1,1,January,3,15,15,3,Wednesday,False,True,False,Summer,Weekday
20250116,2025-01-16,2025,Q1,1,January,3,16,16,4,Thursday,False,True,False,Summer,Weekday
20250117,2025-01-17,2025,Q1,1,January,3,17,17,5,Friday,False,True,False,Summer,Friday
20250118,2025-01-18,2025,Q1,1,January,3,18,18,6,Saturday,True,False,False,Summer,Weekend
20250119,2025-01-19,2025,Q1,1,January,3,19,19,7,Sunday,True,False,False,Summer,Weekend
20250120,2025-01-20,2025,Q1,1,January,4,20,20,1,Monday,False,True,False,Summer,Monday
20250121,2025-01-21,2025,Q1,1,January,4,21,21,2,Tuesday,False,True,False,Summer,Weekday
20250122,2025-01-22,2025,Q1,1,January,4,22,22,3,Wednesday,False,True,False,Summer,Weekday
20250123,2025-01-23,2025,Q1,1,January,4,23,23,4,Thursday,False,True,False,Summer,Weekday
20250124,2025-01-24,2025,Q1,1,January,4,24,24,5,Friday,False,True,False,Summer,Friday
20250125,2025-01-25,2025,Q1,1,January,4,25,25,6,Saturday,True,False,False,Summer,Weekend
20250126,2025-01-26,2025,Q1,1,January,4,26,26,7,Sunday,True,False,True,Summer,Holiday
20250127,2025-01-27,2025,Q1,1,January,5,27,27,1,Monday,False,True,False,Summer,Monday
20250128,2025-01-28,2025,Q1,1,January,5,28,28,2,Tuesday,False,True,False,Summer,Weekday
20250129,2025-01-29,2025,Q1,1,January,5,29,29,3,Wednesday,False,True,False,Summer,Weekday
20250130,2025-01-30,2025,Q1,1,January,5,30,30,4,Thursday,False,True,False,Summer,Weekday
20250131,2025-01-31,2025,Q1,1,January,5,31,31,5,Friday,False,True,False,Summer,Friday
20250201,2025-02-01,2025,Q1,2,February,5,32,1,6,Saturday,True,False,False,Summer,Weekend
20250202,2025-02-02,2025,Q1,2,February,5,33,2,7,Sunday,True,False,False,Summer,Weekend
20250203,2025-02-03,2025,Q1,2,February,6,34,3,1,Monday,False,True,False,Summer,Monday
20250204,2025-02-04,2025,Q1,2,February,6,35,4,2,Tuesday,False,True,False,Summer,Weekday
20250205,2025-02-05,2025,Q1,2,February,6,36,5,3,Wednesday,False,True,False,Summer,Weekday
20250206,2025-02-06,2025,Q1,2,February,6,37,6,4,Thursday,False,True,False,Summer,Weekday
20250207,2025-02-07,2025,Q1,2,February,6,38,7,5,Friday,False,True,False,Summer,Friday
20250208,2025-02-08,2025,Q1,2,February,6,39,8,6,Saturday,True,False,False,Summer,Weekend
20250209,2025-02-09,2025,Q1,2,February,6,40,9,7,Sunday,True,False,False,Summer,Weekend
20250210,2025-02-10,2025,Q1,2,February,7,41,10,1,Monday,False,True,False,Summer,Monday
20250211,2025-02-11,2025,Q1,2,February,7,42,11,2,Tuesday,False,True,False,Summer,Weekday
20250212,2025-02-12,2025,Q1,2,February,7,43,12,3,Wednesday,False,True,False,Summer,Weekday
20250213,2025-02-13,2025,Q1,2,February,7,44,13,4,Thursday,False,True,False,Summer,Weekday
20250214,2025-02-14,2025,Q1,2,February,7,45,14,5,Friday,False,True,False,Summer,Friday
20250215,2025-02-15,2025,Q1,2,February,7,46,15,6,Saturday,True,False,False,Summer,Weekend
20250216,2025-02-16,2025,Q1,2,February,7,47,16,7,Sunday,True,False,False,Summer,Weekend
20250217,2025-02-17,2025,Q1,2,February,8,48,17,1,Monday,False,True,False,Summer,Monday
20250218,2025-02-18,2025,Q1,2,February,8,49,18,2,Tuesday,False,True,False,Summer,Weekday
20250219,2025-02-19,2025,Q1,2,February,8,50,19,3,Wednesday,False,True,False,Summer,Weekday
20250220,2025-02-20,2025,Q1,2,February,8,51,20,4,Thursday,False,True,False,Summer,Weekday
20250221,2025-02-21,2025,Q1,2,February,8,52,21,5,Friday,False,True,False,Summer,Friday
20250222,2025-02-22,2025,Q1,2,February,8,53,22,6,Saturday,True,False,False,Summer,Weekend
20250223,2025-02-23,2025,Q1,2,February,8,54,23,7,Sunday,True,False,False,Summer,Weekend
20250224,2025-02-24,2025,Q1,2,February,9,55,24,1,Monday,False,True,False,Summer,Monday
20250225,2025-02-25,2025,Q1,2,February,9,56,25,2,Tuesday,False,True,False,Summer,Weekday
20250226,2025-02-26,2025,Q1,2,February,9,57,26,3,Wednesday,False,True,False,Summer,Weekday
20250227,2025-02-27,2025,Q1,2,February,9,58,27,4,Thursday,False,True,False,Summer,Weekday
20250228,2025-02-28,2025,Q1,2,February,9,59,28,5,Friday,False,True,False,Summer,Friday
20250301,2025-03-01,2025,Q1,3,March,9,60,1,6,Saturday,True,False,False,Autumn,Weekend
20250302,2025-03-02,2025,Q1,3,March,9,61,2,7,Sunday,True,False,False,Autumn,Weekend
20250303,2025-03-03,2025,Q1,3,March,10,62,3,1,Monday,False,True,False,Autumn,Monday
20250304,2025-03-04,2025,Q1,3,March,10,63,4,2,Tuesday,False,True,False,Autumn,Weekday
20250305,2025-03-05,2025,Q1,3,March,10,64,5,3,Wednesday,False,True,False,Autumn,Weekday
20250306,2025-03-06,2025,Q1,3,March,10,65,6,4,Thursday,False,True,False,Autumn,Weekday
20250307,2025-03-07,2025,Q1,3,March,10,66,7,5,Friday,False,True,False,Autumn,Friday
20250308,2025-03-08,2025,Q1,3,March,10,67,8,6,Saturday,True,False,False,Autumn,Weekend
20250309,2025-03-09,2025,Q1,3,March,10,68,9,7,Sunday,True,False,False,Autumn,Weekend
20250310,2025-03-10,2025,Q1,3,March,11,69,10,1,Monday,False,True,False,Autumn,Monday
20250311,2025-03-11,2025,Q1,3,March,11,70,11,2,Tuesday,False,True,False,Autumn,Weekday
20250312,2025-03-12,2025,Q1,3,March,11,71,12,3,Wednesday,False,True,False,Autumn,Weekday
20250313,2025-03-13,2025,Q1,3,March,11,72,13,4,Thursday,False,True,False,Autumn,Weekday
20250314,2025-03-14,2025,Q1,3,March,11,73,14,5,Friday,False,True,False,Autumn,Friday
20250315,2025-03-15,2025,Q1,3,March,11,74,15,6,Saturday,True,False,False,Autumn,Weekend
20250316,2025-03-16,2025,Q1,3,March,11,75,16,7,Sunday,True,False,False,Autumn,Weekend
20250317,2025-03-17,2025,Q1,3,March,12,76,17,1,Monday,False,True,False,Autumn,Monday
20250318,2025-03-18,2025,Q1,3,March,12,77,18,2,Tuesday,False,True,False,Autumn,Weekday
20250319,2025-03-19,2025,Q1,3,March,12,78,19,3,Wednesday,False,True,False,Autumn,Weekday
20250320,2025-03-20,2025,Q1,3,March,12,79,20,4,Thursday,False,True,False,Autumn,Weekday
20250321,2025-03-21,2025,Q1,3,March,12,80,21,5,Friday,False,True,False,Autumn,Friday
20250322,2025-03-22,2025,Q1,3,March,12,81,22,6,Saturday,True,False,False,Autumn,Weekend
20250323,2025-03-23,2025,Q1,3,March,12,82,23,7,Sunday,True,False,False,Autumn,Weekend
20250324,2025-03-24,2025,Q1,3,March,13,83,24,1,Monday,False,True,False,Autumn,Monday
20250325,2025-03-25,2025,Q1,3,March,13,84,25,2,Tuesday,False,True,False,Autumn,Weekday
20250326,2025-03-26,2025,Q1,3,March,13,85,26,3,Wednesday,False,True,False,Autumn,Weekday
20250327,2025-03-27,2025,Q1,3,March,13,86,27,4,Thursday,False,True,False,Autumn,Weekday
20250328,2025-03-28,2025,Q1,3,March,13,87,28,5,Friday,False,True,False,Autumn,Friday
20250329,2025-03-29,2025,Q1,3,March,13,88,29,6,Saturday,True,False,False,Autumn,Weekend
20250330,2025-03-30,2025,Q1,3,March,13,89,30,7,Sunday,True,False,False,Autumn,Weekend
20250331,2025-03-31,2025,Q1,3,March,14,90,31,1,Monday,False,True,False,Autumn,Monday
20250401,2025-04-01,2025,Q2,4,April,14,91,1,2,Tuesday,False,True,False,Autumn,Weekday
20250402,2025-04-02,2025,Q2,4,April,14,92,2,3,Wednesday,False,True,False,Autumn,Weekday
20250403,2025-04-03,2025,Q2,4,April,14,93,3,4,Thursday,False,True,False,Autumn,Weekday
20250404,2025-04-04,2025,Q2,4,April,14,94,4,5,Friday,False,True,False,Autumn,Friday
20250405,2025-04-05,2025,Q2,4,April,14,95,5,6,Saturday,True,False,False,Autumn,Weekend
20250406,2025-04-06,2025,Q2,4,April,14,96,6,7,Sunday,True,False,False,Autumn,Weekend
20250407,2025-04-07,2025,Q2,4,April,15,97,7,1,Monday,False,True,False,Autumn,Monday
20250408,2025-04-08,2025,Q2,4,April,15,98,8,2,Tuesday,False,True,False,Autumn,Weekday
20250409,2025-04-09,2025,Q2,4,April,15,99,9,3,Wednesday,False,True,False,Autumn,Weekday
20250410,2025-04-10,2025,Q2,4,April,15,100,10,4,Thursday,False,True,False,Autumn,Weekday
20250411,2025-04-11,2025,Q2,4,April,15,101,11,5,Friday,False,True,False,Autumn,Friday
20250412,2025-04-12,2025,Q2,4,April,15,102,12,6,Saturday,True,False,False,Autumn,Weekend
20250413,2025-04-13,2025,Q2,4,April,15,103,13,7,Sunday,True,False,False,Autumn,Weekend
20250414,2025-04-14,2025,Q2,4,April,16,104,14,1,Monday,False,True,False,Autumn,Monday
20250415,2025-04-15,2025,Q2,4,April,16,105,15,2,Tuesday,False,True,False,Autumn,Weekday
20250416,2025-04-16,2025,Q2,4,April,16,106,16,3,Wednesday,False,True,False,Autumn,Weekday
20250417,2025-04-17,2025,Q2,4,April,16,107,17,4,Thursday,False,True,False,Autumn,Weekday
20250418,2025-04-18,2025,Q2,4,April,16,108,18,5,Friday,False,True,False,Autumn,Friday
20250419,2025-04-19,2025,Q2,4,April,16,109,19,6,Saturday,True,False,False,Autumn,Weekend
20250420,2025-04-20,2025,Q2,4,April,16,110,20,7,Sunday,True,False,False,Autumn,Weekend
20250421,2025-04-21,2025,Q2,4,April,17,111,21,1,Monday,False,True,False,Autumn,Monday
20250422,2025-04-22,2025,Q2,4,April,17,112,22,2,Tuesday,False,True,False,Autumn,Weekday
20250423,2025-04-23,2025,Q2,4,April,17,113,23,3,Wednesday,False,True,False,Autumn,Weekday
20250424,2025-04-24,2025,Q2,4,April,17,114,24,4,Thursday,False,True,False,Autumn,Weekday
20250425,2025-04-25,2025,Q2,4,April,17,115,25,5,Friday,False,True,True,Autumn,Holiday
20250426,2025-04-26,2025,Q2,4,April,17,116,26,6,Saturday,True,False,False,Autumn,Weekend
20250427,2025-04-27,2025,Q2,4,April,17,117,27,7,Sunday,True,False,False,Autumn,Weekend
20250428,2025-04-28,2025,Q2,4,April,18,118,28,1,Monday,False,True,False,Autumn,Monday
20250429,2025-04-29,2025,Q2,4,April,18,119,29,2,Tuesday,False,True,False,Autumn,Weekday
20250430,2025-04-30,2025,Q2,4,April,18,120,30,3,Wednesday,False,True,False,Autumn,Weekday
20250501,2025-05-01,2025,Q2,5,May,18,121,1,4,Thursday,False,True,False,Autumn,Weekday
20250502,2025-05-02,2025,Q2,5,May,18,122,2,5,Friday,False,True,False,Autumn,Friday
20250503,2025-05-03,2025,Q2,5,May,18,123,3,6,Saturday,True,False,False,Autumn,Weekend
20250504,2025-05-04,2025,Q2,5,May,18,124,4,7,Sunday,True,False,False,Autumn,Weekend
20250505,2025-05-05,2025,Q2,5,May,19,125,5,1,Monday,False,True,False,Autumn,Monday
20250506,2025-05-06,2025,Q2,5,May,19,126,6,2,Tuesday,False,True,False,Autumn,Weekday
20250507,2025-05-07,2025,Q2,5,May,19,127,7,3,Wednesday,False,True,False,Autumn,Weekday
20250508,2025-05-08,2025,Q2,5,May,19,128,8,4,Thursday,False,True,False,Autumn,Weekday
20250509,2025-05-09,2025,Q2,5,May,19,129,9,5,Friday,False,True,False,Autumn,Friday
20250510,2025-05-10,2025,Q2,5,May,19,130,10,6,Saturday,True,False,False,Autumn,Weekend
20250511,2025-05-11,2025,Q2,5,May,19,131,11,7,Sunday,True,False,False,Autumn,Weekend
20250512,2025-05-12,2025,Q2,5,May,20,132,12,1,Monday,False,True,False,Autumn,Monday
20250513,2025-05-13,2025,Q2,5,May,20,133,13,2,Tuesday,False,True,False,Autumn,Weekday
20250514,2025-05-14,2025,Q2,5,May,20,134,14,3,Wednesday,False,True,False,Autumn,Weekday
20250515,2025-05-15,2025,Q2,5,May,20,135,15,4,Thursday,False,True,False,Autumn,Weekday
20250516,2025-05-16,2025,Q2,5,May,20,136,16,5,Friday,False,True,False,Autumn,Friday
20250517,2025-05-17,2025,Q2,5,May,20,137,17,6,Saturday,True,False,False,Autumn,Weekend
20250518,2025-05-18,2025,Q2,5,May,20,138,18,7,Sunday,True,False,False,Autumn,Weekend
20250519,2025-05-19,2025,Q2,5,May,21,139,19,1,Monday,False,True,False,Autumn,Monday
20250520,2025-05-20,2025,Q2,5,May,21,140,20,2,Tuesday,False,True,False,Autumn,Weekday
20250521,2025-05-21,2025,Q2,5,May,21,141,21,3,Wednesday,False,True,False,Autumn,Weekday
20250522,2025-05-22,2025,Q2,5,May,21,142,22,4,Thursday,False,True,False,Autumn,Weekday
20250523,2025-05-23,2025,Q2,5,May,21,143,23,5,Friday,False,True,False,Autumn,Friday
20250524,2025-05-24,2025,Q2,5,May,21,144,24,6,Saturday,True,False,False,Autumn,Weekend
20250525,2025-05-25,2025,Q2,5,May,21,145,25,7,Sunday,True,False,False,Autumn,Weekend
20250526,2025-05-26,2025,Q2,5,May,22,146,26,1,Monday,False,True,False,Autumn,Monday
20250527,2025-05-27,2025,Q2,5,May,22,147,27,2,Tuesday,False,True,False,Autumn,Weekday
20250528,2025-05-28,2025,Q2,5,May,22,148,28,3,Wednesday,False,True,False,Autumn,Weekday
20250529,2025-05-29,2025,Q2,5,May,22,149,29,4,Thursday,False,True,False,Autumn,Weekday
20250530,2025-05-30,2025,Q2,5,May,22,150,30,5,Friday,False,True,False,Autumn,Friday
20250531,2025-05-31,2025,Q2,5,May,22,151,31,6,Saturday,True,False,False,Autumn,Weekend
20250601,2025-06-01,2025,Q2,6,June,22,152,1,7,Sunday,True,False,False,Winter,Weekend
20250602,2025-06-02,2025,Q2,6,June,23,153,2,1,Monday,False,True,False,Winter,Monday
20250603,2025-06-03,2025,Q2,6,June,23,154,3,2,Tuesday,False,True,False,Winter,Weekday
20250604,2025-06-04,2025,Q2,6,June,23,155,4,3,Wednesday,False,True,False,Winter,Weekday
20250605,2025-06-05,2025,Q2,6,June,23,156,5,4,Thursday,False,True,False,Winter,Weekday
20250606,2025-06-06,2025,Q2,6,June,23,157,6,5,Friday,False,True,False,Winter,Friday
20250607,2025-06-07,2025,Q2,6,June,23,158,7,6,Saturday,True,False,False,Winter,Weekend
20250608,2025-06-08,2025,Q2,6,June,23,159,8,7,Sunday,True,False,False,Winter,Weekend
20250609,2025-06-09,2025,Q2,6,June,24,160,9,1,Monday,False,True,False,Winter,Monday
20250610,2025-06-10,2025,Q2,6,June,24,161,10,2,Tuesday,False,True,False,Winter,Weekday
20250611,2025-06-11,2025,Q2,6,June,24,162,11,3,Wednesday,False,True,False,Winter,Weekday
20250612,2025-06-12,2025,Q2,6,June,24,163,12,4,Thursday,False,True,False,Winter,Weekday
20250613,2025-06-13,2025,Q2,6,June,24,164,13,5,Friday,False,True,False,Winter,Friday
20250614,2025-06-14,2025,Q2,6,June,24,165,14,6,Saturday,True,False,False,Winter,Weekend
20250615,2025-06-15,2025,Q2,6,June,24,166,15,7,Sunday,True,False,False,Winter,Weekend
20250616,2025-06-16,2025,Q2,6,June,25,167,16,1,Monday,False,True,False,Winter,Monday
20250617,2025-06-17,2025,Q2,6,June,25,168,17,2,Tuesday,False,True,False,Winter,Weekday
20250618,2025-06-18,2025,Q2,6,June,25,169,18,3,Wednesday,False,True,False,Winter,Weekday
20250619,2025-06-19,2025,Q2,6,June,25,170,19,4,Thursday,False,True,False,Winter,Weekday
20250620,2025-06-20,2025,Q2,6,June,25,171,20,5,Friday,False,True,False,Winter,Friday
20250621,2025-06-21,2025,Q2,6,June,25,172,21,6,Saturday,True,False,False,Winter,Weekend
20250622,2025-06-22,2025,Q2,6,June,25,173,22,7,Sunday,True,False,False,Winter,Weekend
20250623,2025-06-23,2025,Q2,6,June,26,174,23,1,Monday,False,True,False,Winter,Monday
20250624,2025-06-24,2025,Q2,6,June,26,175,24,2,Tuesday,False,True,False,Winter,Weekday
20250625,2025-06-25,2025,Q2,6,June,26,176,25,3,Wednesday,False,True,False,Winter,Weekday
20250626,2025-06-26,2025,Q2,6,June,26,177,26,4,Thursday,False,True,False,Winter,Weekday
20250627,2025-06-27,2025,Q2,6,June,26,178,27,5,Friday,False,True,False,Winter,Friday
20250628,2025-06-28,2025,Q2,6,June,26,179,28,6,Saturday,True,False,False,Winter,Weekend
20250629,2025-06-29,2025,Q2,6,June,26,180,29,7,Sunday,True,False,False,Winter,Weekend
20250630,2025-06-30,2025,Q2,6,June,27,181,30,1,Monday,False,True,False,Winter,Monday
20250701,2025-07-01,2025,Q3,7,July,27,182,1,2,Tuesday,False,True,False,Winter,Weekday
20250702,2025-07-02,2025,Q3,7,July,27,183,2,3,Wednesday,False,True,False,Winter,Weekday
20250703,2025-07-03,2025,Q3,7,July,27,184,3,4,Thursday,False,True,False,Winter,Weekday
20250704,2025-07-04,2025,Q3,7,July,27,185,4,5,Friday,False,True,False,Winter,Friday
20250705,2025-07-05,2025,Q3,7,July,27,186,5,6,Saturday,True,False,False,Winter,Weekend
20250706,2025-07-06,2025,Q3,7,July,27,187,6,7,Sunday,True,False,False,Winter,Weekend
20250707,2025-07-07,2025,Q3,7,July,28,188,7,1,Monday,False,True,False,Winter,Monday
20250708,2025-07-08,2025,Q3,7,July,28,189,8,2,Tuesday,False,True,False,Winter,Weekday
20250709,2025-07-09,2025,Q3,7,July,28,190,9,3,Wednesday,False,True,False,Winter,Weekday
20250710,2025-07-10,2025,Q3,7,July,28,191,10,4,Thursday,False,True,False,Winter,Weekday
20250711,2025-07-11,2025,Q3,7,July,28,192,11,5,Friday,False,True,False,Winter,Friday
20250712,2025-07-12,2025,Q3,7,July,28,193,12,6,Saturday,True,False,False,Winter,Weekend
20250713,2025-07-13,2025,Q3,7,July,28,194,13,7,Sunday,True,False,False,Winter,Weekend
20250714,2025-07-14,2025,Q3,7,July,29,195,14,1,Monday,False,True,False,Winter,Monday
20250715,2025-07-15,2025,Q3,7,July,29,196,15,2,Tuesday,False,True,False,Winter,Weekday
20250716,2025-07-16,2025,Q3,7,July,29,197,16,3,Wednesday,False,True,False,Winter,Weekday
20250717,2025-07-17,2025,Q3,7,July,29,198,17,4,Thursday,False,True,False,Winter,Weekday
20250718,2025-07-18,2025,Q3,7,July,29,199,18,5,Friday,False,True,False,Winter,Friday
20250719,2025-07-19,2025,Q3,7,July,29,200,19,6,Saturday,True,False,False,Winter,Weekend
20250720,2025-07-20,2025,Q3,7,July,29,201,20,7,Sunday,True,False,False,Winter,Weekend
20250721,2025-07-21,2025,Q3,7,July,30,202,21,1,Monday,False,True,False,Winter,Monday
20250722,2025-07-22,2025,Q3,7,July,30,203,22,2,Tuesday,False,True,False,Winter,Weekday
20250723,2025-07-23,2025,Q3,7,July,30,204,23,3,Wednesday,False,True,False,Winter,Weekday
20250724,2025-07-24,2025,Q3,7,July,30,205,24,4,Thursday,False,True,False,Winter,Weekday
20250725,2025-07-25,2025,Q3,7,July,30,206,25,5,Friday,False,True,False,Winter,Friday
20250726,2025-07-26,2025,Q3,7,July,30,207,26,6,Saturday,True,False,False,Winter,Weekend
20250727,2025-07-27,2025,Q3,7,July,30,208,27,7,Sunday,True,False,False,Winter,Weekend
20250728,2025-07-28,2025,Q3,7,July,31,209,28,1,Monday,False,True,False,Winter,Monday
20250729,2025-07-29,2025,Q3,7,July,31,210,29,2,Tuesday,False,True,False,Winter,Weekday
20250730,2025-07-30,2025,Q3,7,July,31,211,30,3,Wednesday,False,True,False,Winter,Weekday
20250731,2025-07-31,2025,Q3,7,July,31,212,31,4,Thursday,False,True,False,Winter,Weekday
20250801,2025-08-01,2025,Q3,8,August,31,213,1,5,Friday,False,True,False,Winter,Friday
20250802,2025-08-02,2025,Q3,8,August,31,214,2,6,Saturday,True,False,False,Winter,Weekend
20250803,2025-08-03,2025,Q3,8,August,31,215,3,7,Sunday,True,False,False,Winter,Weekend
20250804,2025-08-04,2025,Q3,8,August,32,216,4,1,Monday,False,True,False,Winter,Monday
20250805,2025-08-05,2025,Q3,8,August,32,217,5,2,Tuesday,False,True,False,Winter,Weekday
20250806,2025-08-06,2025,Q3,8,August,32,218,6,3,Wednesday,False,True,False,Winter,Weekday
20250807,2025-08-07,2025,Q3,8,August,32,219,7,4,Thursday,False,True,False,Winter,Weekday
20250808,2025-08-08,2025,Q3,8,August,32,220,8,5,Friday,False,True,False,Winter,Friday
20250809,2025-08-09,2025,Q3,8,August,32,221,9,6,Saturday,True,False,False,Winter,Weekend
20250810,2025-08-10,2025,Q3,8,August,32,222,10,7,Sunday,True,False,False,Winter,Weekend
20250811,2025-08-11,2025,Q3,8,August,33,223,11,1,Monday,False,True,False,Winter,Monday
20250812,2025-08-12,2025,Q3,8,August,33,224,12,2,Tuesday,False,True,False,Winter,Weekday
20250813,2025-08-13,2025,Q3,8,August,33,225,13,3,Wednesday,False,True,False,Winter,Weekday
20250814,2025-08-14,2025,Q3,8,August,33,226,14,4,Thursday,False,True,False,Winter,Weekday
20250815,2025-08-15,2025,Q3,8,August,33,227,15,5,Friday,False,True,False,Winter,Friday
20250816,2025-08-16,2025,Q3,8,August,33,228,16,6,Saturday,True,False,False,Winter,Weekend
20250817,2025-08-17,2025,Q3,8,August,33,229,17,7,Sunday,True,False,False,Winter,Weekend
20250818,2025-08-18,2025,Q3,8,August,34,230,18,1,Monday,False,True,False,Winter,Monday
20250819,2025-08-19,2025,Q3,8,August,34,231,19,2,Tuesday,False,True,False,Winter,Weekday
20250820,2025-08-20,2025,Q3,8,August,34,232,20,3,Wednesday,False,True,False,Winter,Weekday
20250821,2025-08-21,2025,Q3,8,August,34,233,21,4,Thursday,False,True,False,Winter,Weekday
20250822,2025-08-22,2025,Q3,8,August,34,234,22,5,Friday,False,True,False,Winter,Friday
20250823,2025-08-23,2025,Q3,8,August,34,235,23,6,Saturday,True,False,False,Winter,Weekend
20250824,2025-08-24,2025,Q3,8,August,34,236,24,7,Sunday,True,False,False,Winter,Weekend
20250825,2025-08-25,2025,Q3,8,August,35,237,25,1,Monday,False,True,False,Winter,Monday
20250826,2025-08-26,2025,Q3,8,August,35,238,26,2,Tuesday,False,True,False,Winter,Weekday
20250827,2025-08-27,2025,Q3,8,August,35,239,27,3,Wednesday,False,True,False,Winter,Weekday
20250828,2025-08-28,2025,Q3,8,August,35,240,28,4,Thursday,False,True,False,Winter,Weekday
20250829,2025-08-29,2025,Q3,8,August,35,241,29,5,Friday,False,True,False,Winter,Friday
20250830,2025-08-30,2025,Q3,8,August,35,242,30,6,Saturday,True,False,False,Winter,Weekend
20250831,2025-08-31,2025,Q3,8,August,35,243,31,7,Sunday,True,False,False,Winter,Weekend
20250901,2025-09-01,2025,Q3,9,September,36,244,1,1,Monday,False,True,False,Spring,Monday
20250902,2025-09-02,2025,Q3,9,September,36,245,2,2,Tuesday,False,True,False,Spring,Weekday
20250903,2025-09-03,2025,Q3,9,September,36,246,3,3,Wednesday,False,True,False,Spring,Weekday
20250904,2025-09-04,2025,Q3,9,September,36,247,4,4,Thursday,False,True,False,Spring,Weekday
20250905,2025-09-05,2025,Q3,9,September,36,248,5,5,Friday,False,True,False,Spring,Friday
20250906,2025-09-06,2025,Q3,9,September,36,249,6,6,Saturday,True,False,False,Spring,Weekend
20250907,2025-09-07,2025,Q3,9,September,36,250,7,7,Sunday,True,False,False,Spring,Weekend
20250908,2025-09-08,2025,Q3,9,September,37,251,8,1,Monday,False,True,False,Spring,Monday
20250909,2025-09-09,2025,Q3,9,September,37,252,9,2,Tuesday,False,True,False,Spring,Weekday
20250910,2025-09-10,2025,Q3,9,September,37,253,10,3,Wednesday,False,True,False,Spring,Weekday
20250911,2025-09-11,2025,Q3,9,September,37,254,11,4,Thursday,False,True,False,Spring,Weekday
20250912,2025-09-12,2025,Q3,9,September,37,255,12,5,Friday,False,True,False,Spring,Friday
20250913,2025-09-13,2025,Q3,9,September,37,256,13,6,Saturday,True,False,False,Spring,Weekend
20250914,2025-09-14,2025,Q3,9,September,37,257,14,7,Sunday,True,False,False,Spring,Weekend
20250915,2025-09-15,2025,Q3,9,September,38,258,15,1,Monday,False,True,False,Spring,Monday
20250916,2025-09-16,2025,Q3,9,September,38,259,16,2,Tuesday,False,True,False,Spring,Weekday
20250917,2025-09-17,2025,Q3,9,September,38,260,17,3,Wednesday,False,True,False,Spring,Weekday
20250918,2025-09-18,2025,Q3,9,September,38,261,18,4,Thursday,False,True,False,Spring,Weekday
20250919,2025-09-19,2025,Q3,9,September,38,262,19,5,Friday,False,True,False,Spring,Friday
